,0,1,2,3,4,5,6,7,8,9,10,11,12,13,14,15,16
0,0.0,0.0,0.0,0.0,0.0,0.0,0.0,0.0,0.0,0.0,0.0,0.0,0.0,0.0,0.95,0.05,0.0
1,0.0,0.0,0.0,0.0,0.0,0.0,0.25,0.0,0.0,0.0,0.05,0.0,0.0,0.0,0.35,0.15,0.2
2,0.0,0.2,0.0,0.0,0.1,0.0,0.0,0.0,0.0,0.0,0.0,0.0,0.0,0.15,0.0,0.0,0.55
3,0.0,0.0,0.0,0.0,0.8,0.0,0.0,0.0,0.05,0.0,0.0,0.0,0.0,0.15,0.0,0.0,0.0
4,0.05,0.0,0.0,0.0,0.4,0.0,0.5,0.0,0.0,0.0,0.0,0.0,0.0,0.0,0.0,0.05,0.0
5,0.0,0.0,0.0,0.0,0.0,0.0,0.0,0.0,0.0,0.0,0.0,0.0,0.0,0.0,0.9,0.1,0.0
6,0.0,0.0,0.0,0.05,0.15,0.0,0.05,0.05,0.05,0.05,0.0,0.05,0.0,0.1,0.1,0.05,0.3
7,0.0,0.05,0.0,0.05,0.05,0.0,0.0,0.05,0.25,0.05,0.05,0.0,0.0,0.0,0.1,0.1,0.25
8,0.0,0.0,0.0,0.0,0.0,0.0,0.0,0.55,0.25,0.0,0.0,0.0,0.0,0.0,0.0,0.0,0.2
9,0.0,0.05,0.0,0.0,0.85,0.0,0.0,0.0,0.0,0.0,0.0,0.0,0.0,0.0,0.0,0.05,0.05
10,0.05,0.0,0.0,0.0,0.0,0.0,0.0,0.05,0.0,0.0,0.45,0.0,0.0,0.4,0.0,0.0,0.05
11,0.0,0.05,0.0,0.05,0.0,0.0,0.05,0.05,0.15,0.2,0.1,0.0,0.0,0.1,0.05,0.2,0.0
12,0.0,0.0,0.0,0.0,0.0,0.0,0.0,0.0,0.0,0.0,0.05,0.0,0.0,0.0,0.0,0.0,0.95
13,0.0,0.0,0.0,0.0,0.0,0.0,0.0,0.05,0.0,0.0,0.0,0.0,0.0,0.0,0.15,0.0,0.8
14,0.0,0.0,0.0,0.0,0.0,0.0,0.1,0.0,0.0,0.0,0.05,0.0,0.0,0.0,0.0,0.0,0.85
15,0.0,0.05,0.0,0.0,0.05,0.0,0.0,0.0,0.0,0.0,0.0,0.0,0.0,0.0,0.75,0.15,0.0
16,0.0,0.0,0.0,0.0,0.0,0.0,0.0,0.65,0.05,0.0,0.0,0.1,0.2,0.0,0.0,0.0,0.0
17,0.0,0.0,0.0,0.0,0.05,0.0,0.0,0.0,0.0,0.0,0.0,0.0,0.0,0.1,0.0,0.0,0.85
18,0.0,0.15,0.0,0.0,0.0,0.0,0.0,0.05,0.15,0.0,0.0,0.0,0.0,0.05,0.6,0.0,0.0
19,0.0,0.0,0.0,0.0,0.0,0.0,0.0,0.0,0.0,0.0,0.45,0.0,0.0,0.0,0.1,0.05,0.4
20,0.0,0.0,0.0,0.0,0.0,0.0,0.0,0.0,0.05,0.0,0.0,0.0,0.0,0.0,0.0,0.0,0.95
21,0.6,0.0,0.0,0.0,0.0,0.0,0.1,0.0,0.0,0.0,0.2,0.0,0.0,0.05,0.0,0.0,0.05
22,0.0,0.0,0.0,0.0,0.0,0.0,0.0,0.0,0.0,0.0,0.85,0.0,0.05,0.1,0.0,0.0,0.0
23,0.0,0.1,0.15,0.0,0.1,0.0,0.0,0.0,0.2,0.05,0.0,0.0,0.0,0.1,0.05,0.25,0.0
24,0.0,0.05,0.0,0.0,0.0,0.0,0.0,0.0,0.0,0.0,0.0,0.0,0.0,0.0,0.0,0.0,0.95
25,0.0,0.0,0.0,0.0,0.05,0.0,0.0,0.0,0.0,0.1,0.0,0.0,0.0,0.0,0.65,0.2,0.0
26,0.0,0.0,0.0,0.0,0.0,0.0,0.05,0.0,0.25,0.0,0.05,0.35,0.25,0.0,0.0,0.05,0.0
27,0.0,0.0,0.0,0.0,0.0,0.0,0.0,0.0,0.0,0.0,0.1,0.0,0.0,0.0,0.9,0.0,0.0
28,0.0,0.0,0.0,0.0,0.0,0.0,0.0,0.0,0.0,0.0,0.0,0.0,0.0,0.0,0.1,0.05,0.85
29,0.0,0.0,0.0,0.0,0.0,0.0,0.0,0.05,0.75,0.0,0.0,0.0,0.15,0.0,0.0,0.0,0.05
30,0.0,0.9,0.0,0.0,0.1,0.0,0.0,0.0,0.0,0.0,0.0,0.0,0.0,0.0,0.0,0.0,0.0
31,0.0,0.0,0.05,0.0,0.05,0.0,0.0,0.05,0.15,0.0,0.45,0.0,0.0,0.25,0.0,0.0,0.0
32,0.05,0.0,0.0,0.0,0.0,0.0,0.1,0.0,0.0,0.0,0.8,0.0,0.0,0.05,0.0,0.0,0.0
33,0.0,0.05,0.0,0.0,0.0,0.0,0.05,0.0,0.05,0.0,0.0,0.0,0.0,0.05,0.0,0.05,0.75
34,0.0,0.0,0.0,0.0,0.0,0.0,0.0,0.1,0.1,0.0,0.05,0.0,0.0,0.0,0.75,0.0,0.0
35,0.0,0.0,0.0,0.15,0.0,0.0,0.1,0.0,0.05,0.15,0.1,0.0,0.0,0.15,0.2,0.1,0.0
36,0.0,0.0,0.0,0.0,0.0,0.0,0.0,0.0,0.0,0.0,0.0,0.0,0.0,0.0,0.75,0.1,0.15
37,0.0,0.0,0.0,0.0,0.0,0.0,0.0,0.0,0.0,0.0,0.0,0.0,0.0,0.0,0.0,0.0,1.0
38,0.0,0.0,0.2,0.0,0.0,0.0,0.0,0.15,0.0,0.0,0.1,0.0,0.0,0.0,0.4,0.05,0.1
39,0.0,0.0,0.0,0.0,0.0,0.0,0.0,0.7,0.2,0.0,0.0,0.0,0.1,0.0,0.0,0.0,0.0
40,0.9,0.0,0.0,0.0,0.0,0.0,0.0,0.0,0.0,0.0,0.0,0.0,0.0,0.0,0.0,0.05,0.05
41,0.05,0.0,0.0,0.0,0.0,0.0,0.35,0.05,0.5,0.0,0.0,0.0,0.05,0.0,0.0,0.0,0.0
42,0.0,0.0,0.1,0.0,0.05,0.0,0.0,0.05,0.3,0.0,0.05,0.0,0.0,0.0,0.15,0.0,0.3
43,0.0,0.0,0.0,0.0,0.0,0.0,0.45,0.1,0.0,0.0,0.0,0.0,0.0,0.0,0.05,0.35,0.05
44,0.05,0.55,0.05,0.0,0.0,0.0,0.0,0.0,0.0,0.05,0.1,0.0,0.0,0.0,0.05,0.0,0.15
45,0.0,0.0,0.0,0.0,0.0,0.0,0.0,0.0,0.0,0.0,0.0,0.0,0.0,0.0,1.0,0.0,0.0
46,0.0,0.1,0.0,0.0,0.0,0.0,0.0,0.0,0.65,0.0,0.15,0.0,0.05,0.0,0.0,0.0,0.05
47,0.0,0.0,0.0,0.0,0.0,0.0,0.05,0.35,0.1,0.0,0.05,0.15,0.25,0.0,0.0,0.05,0.0
48,0.0,0.3,0.0,0.0,0.65,0.0,0.0,0.0,0.0,0.0,0.0,0.0,0.0,0.0,0.0,0.0,0.05
49,0.0,0.75,0.0,0.0,0.15,0.0,0.0,0.0,0.0,0.0,0.05,0.0,0.0,0.0,0.0,0.05,0.0
50,0.0,0.75,0.0,0.0,0.25,0.0,0.0,0.0,0.0,0.0,0.0,0.0,0.0,0.0,0.0,0.0,0.0
51,0.0,0.0,0.0,0.0,0.05,0.0,0.0,0.0,0.1,0.0,0.35,0.0,0.0,0.0,0.0,0.5,0.0
52,0.0,0.0,0.0,0.0,0.1,0.0,0.0,0.0,0.0,0.0,0.0,0.0,0.0,0.0,0.85,0.05,0.0
53,0.05,0.0,0.0,0.05,0.05,0.0,0.1,0.0,0.05,0.05,0.35,0.0,0.0,0.0,0.0,0.25,0.05
54,0.0,0.0,0.0,0.0,0.0,0.0,0.0,0.0,0.0,0.0,0.95,0.0,0.05,0.0,0.0,0.0,0.0
55,0.1,0.05,0.0,0.0,0.1,0.0,0.1,0.0,0.2,0.0,0.3,0.0,0.0,0.0,0.0,0.0,0.15
56,0.0,0.0,0.0,0.0,0.0,0.0,0.05,0.25,0.0,0.0,0.0,0.0,0.0,0.0,0.0,0.15,0.55
57,0.0,0.0,0.0,0.0,0.05,0.0,0.05,0.1,0.0,0.0,0.0,0.0,0.6,0.0,0.15,0.05,0.0
58,0.0,0.05,0.0,0.0,0.0,0.0,0.0,0.0,0.0,0.2,0.05,0.0,0.0,0.05,0.0,0.05,0.6
59,0.0,0.0,0.0,0.0,0.0,0.0,0.0,0.0,0.0,0.0,0.15,0.0,0.0,0.0,0.8,0.05,0.0
60,0.0,0.0,0.0,0.0,0.0,0.0,0.0,0.0,0.0,0.0,0.1,0.0,0.0,0.0,0.45,0.45,0.0
61,0.0,0.1,0.0,0.0,0.0,0.0,0.0,0.05,0.0,0.0,0.1,0.0,0.0,0.0,0.55,0.2,0.0
62,0.0,0.15,0.0,0.0,0.0,0.0,0.55,0.0,0.0,0.0,0.0,0.0,0.1,0.1,0.05,0.05,0.0
63,0.0,0.3,0.0,0.15,0.05,0.0,0.05,0.0,0.0,0.05,0.0,0.0,0.0,0.0,0.1,0.0,0.3
64,0.0,0.0,0.0,0.0,0.05,0.0,0.15,0.0,0.0,0.0,0.0,0.0,0.0,0.0,0.0,0.05,0.75
65,0.0,0.0,0.0,0.0,0.0,0.0,0.0,0.0,0.0,0.0,0.0,0.0,0.0,0.0,0.0,0.0,1.0
66,0.0,0.05,0.0,0.0,0.05,0.0,0.1,0.0,0.0,0.0,0.0,0.0,0.0,0.0,0.4,0.35,0.05
67,0.0,0.0,0.0,0.0,0.0,0.0,0.0,0.0,0.0,0.0,0.0,0.0,0.0,0.0,0.05,0.85,0.1
68,0.0,0.0,0.0,0.0,0.0,0.05,0.0,0.05,0.0,0.0,0.0,0.85,0.0,0.05,0.0,0.0,0.0
69,0.0,0.0,0.0,0.0,0.0,0.0,0.05,0.0,0.0,0.0,0.15,0.0,0.0,0.0,0.0,0.8,0.0
70,0.0,0.0,0.0,0.0,0.0,0.0,0.0,0.0,0.0,0.0,0.0,0.15,0.0,0.0,0.0,0.0,0.85
71,0.0,0.0,0.05,0.0,0.05,0.0,0.65,0.0,0.05,0.2,0.0,0.0,0.0,0.0,0.0,0.0,0.0
72,0.0,0.0,0.0,0.0,0.0,0.0,0.0,0.0,0.0,0.0,0.0,0.0,0.0,0.1,0.0,0.0,0.9
73,0.0,0.0,0.0,0.0,0.0,0.0,0.0,0.0,0.0,0.0,0.0,0.0,0.0,0.0,0.0,0.0,1.0
74,0.0,0.05,0.0,0.0,0.0,0.0,0.0,0.0,0.65,0.05,0.05,0.1,0.0,0.0,0.0,0.0,0.1
75,0.0,0.0,0.0,0.0,0.0,0.0,0.0,0.0,0.05,0.0,0.0,0.0,0.4,0.0,0.05,0.15,0.35
76,0.0,0.0,0.0,0.0,0.0,0.0,0.0,0.0,0.05,0.0,0.0,0.05,0.05,0.0,0.25,0.6,0.0
77,0.0,0.0,0.0,0.0,0.85,0.0,0.0,0.0,0.0,0.1,0.0,0.0,0.0,0.0,0.0,0.05,0.0
78,0.05,0.0,0.0,0.0,0.05,0.0,0.0,0.0,0.0,0.0,0.0,0.0,0.0,0.05,0.1,0.65,0.1
79,0.0,0.0,0.0,0.0,0.0,0.0,0.0,0.3,0.4,0.0,0.15,0.0,0.0,0.15,0.0,0.0,0.0
80,0.0,0.0,0.0,0.0,0.0,0.0,0.9,0.0,0.0,0.0,0.0,0.0,0.0,0.0,0.0,0.1,0.0
81,0.0,0.0,0.0,0.0,0.0,0.0,0.0,0.0,0.0,0.0,0.0,0.0,0.0,0.0,0.75,0.1,0.15
82,0.0,0.0,0.0,0.0,0.0,0.0,0.35,0.05,0.0,0.0,0.0,0.0,0.5,0.0,0.0,0.05,0.05
83,0.0,0.0,0.0,0.0,0.0,0.0,0.2,0.0,0.0,0.0,0.15,0.0,0.0,0.65,0.0,0.0,0.0
84,0.0,0.05,0.0,0.0,0.0,0.0,0.0,0.0,0.0,0.0,0.05,0.1,0.0,0.0,0.0,0.0,0.8
85,0.0,0.0,0.0,0.0,0.0,0.0,0.1,0.0,0.0,0.0,0.0,0.0,0.0,0.0,0.0,0.0,0.9
86,0.0,0.0,0.0,0.0,0.0,0.0,0.0,0.0,0.05,0.0,0.0,0.0,0.0,0.0,0.25,0.25,0.45
87,0.0,0.0,0.0,0.0,0.0,0.0,0.0,0.0,0.0,0.0,0.15,0.0,0.0,0.7,0.0,0.0,0.15
88,0.0,0.0,0.0,0.0,0.0,0.0,0.6,0.0,0.0,0.0,0.05,0.0,0.0,0.0,0.3,0.0,0.05
89,0.0,0.0,0.0,0.0,0.0,0.0,0.1,0.0,0.0,0.0,0.0,0.0,0.0,0.0,0.05,0.85,0.0
90,0.0,0.0,0.05,0.0,0.15,0.0,0.05,0.05,0.0,0.05,0.3,0.0,0.05,0.05,0.15,0.1,0.0
91,0.0,0.0,0.0,0.0,0.0,0.0,0.05,0.0,0.0,0.0,0.0,0.0,0.0,0.0,0.05,0.0,0.9
92,0.0,0.1,0.0,0.0,0.0,0.0,0.0,0.0,0.0,0.0,0.0,0.0,0.0,0.0,0.0,0.05,0.85
93,0.0,0.0,0.0,0.05,0.0,0.0,0.0,0.0,0.0,0.0,0.15,0.0,0.0,0.0,0.0,0.5,0.3
94,0.0,0.0,0.0,0.0,0.15,0.0,0.0,0.0,0.0,0.0,0.0,0.0,0.0,0.0,0.75,0.1,0.0
95,0.0,0.0,0.0,0.0,0.0,0.0,0.8,0.0,0.0,0.0,0.0,0.0,0.0,0.0,0.0,0.2,0.0
96,0.9,0.0,0.0,0.0,0.0,0.0,0.0,0.0,0.0,0.1,0.0,0.0,0.0,0.0,0.0,0.0,0.0
97,0.0,0.0,0.0,0.0,0.0,0.0,0.7,0.0,0.05,0.0,0.1,0.0,0.0,0.15,0.0,0.0,0.0
98,0.0,0.05,0.0,0.0,0.05,0.0,0.1,0.0,0.05,0.0,0.35,0.0,0.0,0.0,0.0,0.4,0.0
99,0.0,0.0,0.0,0.0,0.0,0.0,0.0,0.25,0.45,0.0,0.0,0.0,0.15,0.0,0.0,0.0,0.15
100,0.0,0.0,0.0,0.0,0.05,0.0,0.0,0.0,0.0,0.0,0.1,0.0,0.0,0.05,0.0,0.8,0.0
101,0.0,0.0,0.0,0.0,0.0,0.0,0.05,0.0,0.0,0.0,0.0,0.0,0.0,0.0,0.75,0.2,0.0
102,0.0,0.0,0.0,0.25,0.0,0.0,0.0,0.1,0.1,0.05,0.3,0.0,0.0,0.05,0.0,0.15,0.0
103,0.0,0.0,0.0,0.0,0.05,0.0,0.0,0.0,0.0,0.05,0.0,0.0,0.0,0.0,0.3,0.6,0.0
104,0.05,0.05,0.0,0.0,0.05,0.0,0.5,0.0,0.0,0.2,0.0,0.0,0.0,0.15,0.0,0.0,0.0
105,0.0,0.85,0.0,0.0,0.05,0.0,0.0,0.0,0.0,0.0,0.05,0.0,0.0,0.0,0.05,0.0,0.0
106,0.0,0.0,0.0,0.0,0.0,0.0,0.0,0.05,0.0,0.05,0.0,0.0,0.0,0.15,0.3,0.4,0.05
107,0.2,0.05,0.0,0.0,0.1,0.0,0.05,0.0,0.05,0.05,0.0,0.0,0.0,0.0,0.2,0.05,0.25
108,0.05,0.1,0.05,0.0,0.05,0.0,0.0,0.0,0.0,0.05,0.0,0.0,0.0,0.0,0.25,0.2,0.25
109,0.0,0.0,0.0,0.0,0.05,0.0,0.8,0.0,0.15,0.0,0.0,0.0,0.0,0.0,0.0,0.0,0.0
110,0.0,0.0,0.0,0.0,0.0,0.0,0.0,0.0,0.0,0.05,0.0,0.0,0.0,0.0,0.75,0.1,0.1
111,0.0,0.0,0.0,0.0,0.0,0.0,0.0,0.05,0.0,0.0,0.05,0.0,0.0,0.0,0.15,0.75,0.0
112,0.05,0.0,0.0,0.0,0.0,0.0,0.95,0.0,0.0,0.0,0.0,0.0,0.0,0.0,0.0,0.0,0.0
113,0.0,0.0,0.0,0.0,0.0,0.0,0.0,0.4,0.1,0.0,0.05,0.1,0.05,0.0,0.15,0.15,0.0
114,0.0,0.0,0.0,0.0,0.0,0.0,0.05,0.05,0.9,0.0,0.0,0.0,0.0,0.0,0.0,0.0,0.0
115,0.0,0.0,0.0,0.0,0.45,0.0,0.1,0.0,0.0,0.0,0.05,0.0,0.1,0.25,0.05,0.0,0.0
116,0.0,0.0,0.0,0.0,0.0,0.0,0.0,0.0,0.0,0.0,0.0,0.0,0.0,0.0,0.4,0.1,0.5
117,0.05,0.2,0.05,0.0,0.15,0.0,0.0,0.0,0.0,0.0,0.0,0.0,0.0,0.05,0.0,0.1,0.4
118,0.0,0.25,0.05,0.0,0.05,0.0,0.1,0.0,0.05,0.0,0.05,0.0,0.0,0.05,0.05,0.1,0.25
119,0.0,0.0,0.05,0.0,0.0,0.0,0.0,0.5,0.35,0.0,0.0,0.0,0.0,0.1,0.0,0.0,0.0
120,0.0,0.0,0.0,0.0,0.0,0.0,0.2,0.6,0.05,0.0,0.05,0.0,0.0,0.0,0.0,0.05,0.05
121,0.0,0.05,0.0,0.0,0.1,0.0,0.0,0.0,0.05,0.0,0.75,0.05,0.0,0.0,0.0,0.0,0.0
122,0.0,0.05,0.0,0.0,0.0,0.0,0.0,0.0,0.0,0.0,0.0,0.0,0.0,0.0,0.05,0.0,0.9
123,0.0,0.0,0.0,0.0,0.0,0.0,0.6,0.0,0.0,0.0,0.0,0.0,0.0,0.05,0.0,0.0,0.35
124,0.0,0.0,0.0,0.0,0.05,0.0,0.05,0.1,0.0,0.0,0.0,0.0,0.0,0.0,0.0,0.8,0.0
125,0.0,0.0,0.0,0.0,0.0,0.0,0.05,0.0,0.1,0.0,0.0,0.0,0.05,0.0,0.75,0.0,0.05
126,0.0,0.0,0.1,0.0,0.0,0.0,0.0,0.0,0.0,0.0,0.0,0.0,0.0,0.0,0.35,0.0,0.55
127,0.0,0.95,0.0,0.0,0.0,0.0,0.0,0.05,0.0,0.0,0.0,0.0,0.0,0.0,0.0,0.0,0.0
128,0.0,0.0,0.0,0.0,0.0,0.0,0.05,0.0,0.05,0.0,0.05,0.0,0.0,0.0,0.0,0.65,0.2
129,0.0,0.75,0.0,0.0,0.1,0.0,0.0,0.0,0.0,0.0,0.0,0.0,0.0,0.0,0.05,0.05,0.05
130,0.0,0.0,0.0,0.0,0.0,0.0,0.0,0.0,0.05,0.0,0.0,0.0,0.0,0.0,0.9,0.0,0.05
131,0.0,0.0,0.0,0.0,0.0,0.0,0.0,0.0,0.0,0.1,0.0,0.0,0.0,0.0,0.2,0.45,0.25
132,0.0,0.0,0.0,0.05,0.0,0.0,0.0,0.0,0.15,0.0,0.4,0.0,0.0,0.05,0.1,0.25,0.0
133,0.0,0.05,0.0,0.0,0.0,0.0,0.05,0.0,0.0,0.0,0.0,0.0,0.0,0.0,0.05,0.5,0.35
134,0.0,0.05,0.0,0.0,0.0,0.0,0.05,0.15,0.1,0.0,0.65,0.0,0.0,0.0,0.0,0.0,0.0
135,0.0,0.0,0.0,0.0,0.0,0.0,0.0,0.0,0.0,0.0,0.0,0.0,0.0,0.0,0.75,0.25,0.0
136,0.0,0.05,0.0,0.0,0.05,0.0,0.0,0.0,0.0,0.0,0.0,0.0,0.0,0.0,0.0,0.05,0.85
137,0.0,0.0,0.0,0.0,0.0,0.0,0.0,0.2,0.4,0.0,0.0,0.25,0.1,0.0,0.0,0.0,0.05
138,0.0,0.0,0.0,0.0,0.0,0.0,0.0,0.0,0.0,0.0,0.05,0.0,0.0,0.1,0.0,0.85,0.0
139,0.0,0.0,0.0,0.0,0.0,0.0,0.0,0.0,0.0,0.0,0.0,0.05,0.0,0.0,0.0,0.1,0.85
140,0.0,0.05,0.0,0.0,0.05,0.0,0.05,0.0,0.05,0.0,0.0,0.05,0.0,0.7,0.0,0.05,0.0
141,0.0,0.9,0.0,0.0,0.05,0.0,0.0,0.0,0.0,0.0,0.0,0.0,0.0,0.0,0.0,0.0,0.05
142,0.0,0.0,0.0,0.0,0.0,0.0,0.05,0.0,0.0,0.0,0.45,0.0,0.0,0.0,0.0,0.0,0.5
143,0.0,0.0,0.0,0.0,0.0,0.0,0.15,0.1,0.1,0.0,0.3,0.0,0.3,0.05,0.0,0.0,0.0
144,0.0,0.05,0.0,0.0,0.05,0.0,0.0,0.0,0.05,0.1,0.0,0.0,0.0,0.0,0.25,0.1,0.4
145,0.0,0.0,0.0,0.0,0.0,0.0,0.2,0.15,0.1,0.0,0.05,0.15,0.0,0.1,0.05,0.2,0.0
146,0.0,0.6,0.05,0.0,0.05,0.0,0.0,0.0,0.0,0.0,0.0,0.0,0.0,0.0,0.0,0.0,0.3
147,0.0,0.0,0.0,0.0,0.0,0.0,0.0,0.0,0.0,0.0,0.0,0.2,0.0,0.0,0.0,0.1,0.7
148,0.0,0.0,0.0,0.0,0.0,0.0,0.0,0.0,0.0,0.0,0.0,0.0,0.0,0.0,0.0,0.0,1.0
149,0.0,0.0,0.0,0.0,0.0,0.0,1.0,0.0,0.0,0.0,0.0,0.0,0.0,0.0,0.0,0.0,0.0
150,0.0,0.0,0.0,0.0,0.0,0.0,0.05,0.25,0.6,0.0,0.0,0.0,0.05,0.0,0.0,0.05,0.0
151,0.0,0.0,0.0,0.0,0.0,0.0,0.05,0.0,0.25,0.0,0.0,0.0,0.0,0.0,0.0,0.45,0.25
152,0.05,0.0,0.0,0.0,0.0,0.0,0.0,0.2,0.1,0.0,0.25,0.05,0.0,0.0,0.0,0.05,0.3
153,0.0,0.0,0.0,0.0,0.05,0.0,0.0,0.0,0.0,0.0,0.0,0.0,0.0,0.0,0.6,0.3,0.05
154,0.0,0.15,0.0,0.0,0.1,0.0,0.0,0.1,0.4,0.0,0.05,0.0,0.0,0.0,0.05,0.0,0.15
155,0.0,0.0,0.0,0.0,0.0,0.0,0.0,0.0,0.0,0.0,0.95,0.0,0.0,0.0,0.0,0.05,0.0
156,0.0,0.0,0.15,0.05,0.0,0.0,0.2,0.0,0.0,0.0,0.05,0.0,0.0,0.0,0.15,0.2,0.2
157,0.0,0.05,0.0,0.0,0.0,0.0,0.0,0.0,0.0,0.0,0.0,0.0,0.0,0.0,0.6,0.1,0.25
158,0.0,0.05,0.1,0.0,0.0,0.0,0.0,0.05,0.1,0.05,0.05,0.0,0.0,0.0,0.05,0.2,0.35
159,0.05,0.3,0.0,0.0,0.2,0.0,0.1,0.0,0.0,0.0,0.2,0.0,0.0,0.05,0.0,0.1,0.0
160,0.0,0.0,0.0,0.0,0.0,0.0,0.9,0.0,0.0,0.0,0.0,0.0,0.0,0.05,0.0,0.05,0.0
161,0.0,0.0,0.0,0.0,0.0,0.0,0.0,0.0,0.0,0.0,0.0,0.0,0.0,1.0,0.0,0.0,0.0
162,0.0,0.0,0.0,0.0,0.0,0.0,0.0,0.0,0.0,0.0,0.0,0.0,0.0,0.0,0.0,0.0,1.0
163,0.0,0.0,0.0,0.0,0.0,0.0,0.0,0.0,0.0,0.05,0.0,0.0,0.0,0.0,0.95,0.0,0.0
164,0.0,0.05,0.0,0.1,0.1,0.0,0.05,0.2,0.0,0.1,0.0,0.0,0.0,0.0,0.15,0.2,0.05
165,0.0,0.0,0.0,0.0,0.0,0.0,0.0,0.0,0.0,0.0,0.05,0.0,0.0,0.1,0.0,0.05,0.8
166,0.0,0.0,0.0,0.0,0.0,0.0,0.0,0.0,0.0,0.25,0.0,0.0,0.0,0.0,0.65,0.05,0.05
167,0.15,0.0,0.0,0.0,0.0,0.0,0.0,0.0,0.0,0.15,0.0,0.0,0.0,0.0,0.45,0.25,0.0
168,0.05,0.0,0.7,0.05,0.05,0.0,0.0,0.0,0.0,0.1,0.0,0.0,0.0,0.0,0.0,0.05,0.0
169,0.0,0.0,0.05,0.0,0.0,0.0,0.1,0.0,0.15,0.0,0.0,0.0,0.0,0.0,0.2,0.35,0.15
170,0.0,0.0,0.0,0.0,0.95,0.0,0.0,0.0,0.0,0.0,0.0,0.0,0.0,0.0,0.0,0.05,0.0
171,0.0,0.0,0.0,0.05,0.0,0.0,0.05,0.0,0.0,0.0,0.0,0.0,0.0,0.05,0.0,0.85,0.0
172,0.0,0.0,0.0,0.0,0.1,0.0,0.0,0.0,0.0,0.0,0.0,0.0,0.0,0.0,0.0,0.0,0.9
173,0.0,0.05,0.0,0.0,0.0,0.0,0.0,0.0,0.0,0.0,0.0,0.0,0.0,0.0,0.9,0.05,0.0
174,0.0,0.55,0.05,0.0,0.35,0.0,0.0,0.0,0.0,0.0,0.0,0.0,0.0,0.0,0.0,0.0,0.05
175,0.0,0.05,0.0,0.0,0.0,0.0,0.0,0.0,0.2,0.0,0.2,0.0,0.0,0.0,0.05,0.5,0.0
176,0.0,0.0,0.0,0.0,0.0,0.0,0.0,0.0,0.15,0.0,0.05,0.0,0.0,0.0,0.6,0.2,0.0
177,0.0,0.0,0.0,0.0,0.0,0.0,0.0,0.0,0.0,0.0,0.1,0.0,0.0,0.0,0.0,0.0,0.9
178,0.1,0.0,0.5,0.0,0.1,0.0,0.15,0.0,0.1,0.0,0.05,0.0,0.0,0.0,0.0,0.0,0.0
179,0.0,0.0,0.0,0.0,0.0,0.0,0.15,0.05,0.0,0.0,0.45,0.0,0.05,0.0,0.0,0.3,0.0
180,0.0,0.0,0.0,0.0,0.0,0.0,0.0,0.1,0.55,0.0,0.0,0.0,0.2,0.0,0.0,0.0,0.15
181,0.0,0.0,0.0,0.0,0.05,0.0,0.0,0.0,0.0,0.0,0.35,0.0,0.0,0.0,0.0,0.0,0.6
182,0.0,0.0,0.0,0.0,0.0,0.0,0.0,0.0,0.0,0.0,0.0,0.05,0.0,0.05,0.0,0.05,0.85
183,0.0,0.05,0.0,0.0,0.2,0.0,0.0,0.0,0.0,0.05,0.05,0.0,0.0,0.1,0.25,0.0,0.3
184,0.0,0.0,0.0,0.0,0.0,0.0,0.05,0.0,0.0,0.0,0.0,0.0,0.0,0.0,0.05,0.3,0.6
185,0.0,0.0,0.0,0.0,0.0,0.0,0.2,0.0,0.0,0.0,0.0,0.05,0.0,0.1,0.05,0.6,0.0
186,0.0,0.0,0.0,0.0,0.0,0.0,0.2,0.0,0.0,0.0,0.0,0.0,0.0,0.0,0.65,0.05,0.1
187,0.0,0.0,0.0,0.0,0.0,0.0,0.0,0.05,0.0,0.0,0.0,0.0,0.0,0.05,0.0,0.0,0.9
188,0.0,0.0,0.0,0.0,0.0,0.0,0.0,0.0,0.0,0.05,0.05,0.0,0.05,0.0,0.0,0.45,0.4
189,0.0,0.0,0.0,0.0,0.0,0.0,0.0,0.25,0.15,0.0,0.05,0.05,0.0,0.3,0.15,0.0,0.05
190,0.0,0.0,0.0,0.0,0.1,0.0,0.0,0.0,0.0,0.0,0.0,0.0,0.0,0.45,0.3,0.1,0.05
191,0.0,0.05,0.05,0.0,0.0,0.0,0.05,0.0,0.1,0.05,0.1,0.0,0.0,0.0,0.45,0.0,0.15
192,0.0,0.0,0.0,0.0,0.0,0.0,0.0,0.15,0.25,0.0,0.45,0.0,0.15,0.0,0.0,0.0,0.0
193,0.0,0.0,0.0,0.0,0.0,0.0,0.0,0.0,0.0,0.0,0.0,0.0,0.0,0.0,0.95,0.05,0.0
194,0.0,0.0,0.0,0.0,0.0,0.0,0.2,0.0,0.0,0.05,0.05,0.0,0.0,0.05,0.0,0.0,0.65
195,0.0,0.05,0.0,0.0,0.0,0.0,0.0,0.0,0.0,0.0,0.0,0.0,0.0,0.0,0.95,0.0,0.0
196,0.0,0.05,0.0,0.0,0.0,0.0,0.0,0.0,0.0,0.05,0.0,0.0,0.0,0.0,0.3,0.6,0.0
197,0.0,0.0,0.0,0.0,0.0,0.0,0.15,0.0,0.05,0.0,0.05,0.0,0.0,0.0,0.05,0.5,0.2
198,0.0,0.0,0.0,0.05,0.05,0.0,0.0,0.0,0.0,0.05,0.0,0.0,0.0,0.0,0.75,0.1,0.0
199,0.15,0.0,0.0,0.0,0.0,0.0,0.55,0.0,0.1,0.0,0.05,0.1,0.0,0.0,0.0,0.05,0.0
200,0.0,0.0,0.0,0.0,0.0,0.0,0.0,0.0,0.0,0.0,0.0,0.0,0.0,0.0,0.0,0.0,1.0
201,0.0,0.0,0.0,0.0,0.0,0.0,0.0,0.05,0.6,0.0,0.0,0.2,0.15,0.0,0.0,0.0,0.0
202,0.0,0.0,0.0,0.0,0.0,0.0,0.0,0.05,0.0,0.0,0.05,0.75,0.0,0.05,0.0,0.0,0.1
203,0.0,0.0,0.0,0.0,0.0,0.0,0.0,0.0,0.0,0.0,0.0,0.0,0.0,0.0,0.0,0.0,1.0
204,0.0,0.0,0.0,0.0,0.0,0.0,0.0,0.0,0.0,0.0,0.0,0.0,0.0,0.0,0.0,0.0,1.0
205,0.0,0.0,0.0,0.0,0.0,0.0,0.0,0.0,0.05,0.0,0.0,0.05,0.0,0.0,0.0,0.0,0.9
206,0.0,0.0,0.0,0.0,0.0,0.0,0.0,0.0,0.0,0.0,0.0,0.0,0.05,0.0,0.0,0.0,0.95
207,0.0,0.0,0.0,0.0,0.0,0.0,0.05,0.05,0.0,0.0,0.3,0.0,0.05,0.0,0.0,0.15,0.4
208,0.0,0.0,0.0,0.0,0.0,0.0,0.0,0.0,0.0,0.0,0.0,0.0,0.0,0.0,0.0,0.0,1.0
209,0.0,0.15,0.0,0.0,0.45,0.0,0.0,0.0,0.05,0.15,0.05,0.0,0.0,0.0,0.05,0.05,0.05
210,0.0,0.0,0.0,0.0,0.0,0.0,0.05,0.0,0.0,0.0,0.0,0.0,0.0,0.0,0.05,0.05,0.85
211,0.05,0.0,0.0,0.0,0.0,0.0,0.0,0.05,0.0,0.0,0.0,0.05,0.0,0.25,0.05,0.45,0.1
212,0.0,0.1,0.0,0.05,0.15,0.0,0.15,0.0,0.0,0.05,0.0,0.0,0.0,0.05,0.1,0.05,0.3
213,0.0,0.0,0.0,0.0,0.0,0.0,0.0,0.0,0.0,0.0,0.0,0.0,0.0,0.05,0.0,0.0,0.95
214,0.0,0.0,0.0,0.0,0.0,0.0,0.55,0.1,0.25,0.0,0.1,0.0,0.0,0.0,0.0,0.0,0.0
215,0.0,0.0,0.0,0.0,0.0,0.0,0.0,0.0,0.0,0.0,0.0,0.0,0.0,0.0,0.0,0.0,1.0
216,0.0,0.0,0.0,0.0,0.0,0.0,0.0,0.35,0.1,0.0,0.05,0.2,0.3,0.0,0.0,0.0,0.0
217,0.0,0.0,0.0,0.0,0.0,0.0,0.0,0.0,0.0,0.0,0.0,0.0,0.0,0.0,0.6,0.4,0.0
218,0.0,0.1,0.0,0.0,0.75,0.0,0.0,0.0,0.0,0.0,0.05,0.0,0.0,0.0,0.0,0.1,0.0
219,0.1,0.0,0.0,0.0,0.1,0.0,0.55,0.0,0.0,0.0,0.0,0.0,0.0,0.0,0.2,0.05,0.0
220,0.0,0.0,0.0,0.0,0.05,0.0,0.0,0.0,0.0,0.05,0.0,0.0,0.0,0.0,0.7,0.2,0.0
221,0.0,0.0,0.0,0.0,0.0,0.0,0.0,0.0,0.05,0.0,0.0,0.0,0.0,0.0,0.0,0.0,0.95
222,0.0,0.0,0.0,0.0,0.0,0.0,0.15,0.0,0.0,0.0,0.0,0.0,0.05,0.0,0.8,0.0,0.0
223,0.0,0.05,0.0,0.0,0.05,0.0,0.05,0.15,0.0,0.05,0.25,0.05,0.05,0.05,0.05,0.15,0.05
224,0.0,0.05,0.0,0.0,0.0,0.0,0.0,0.05,0.55,0.0,0.05,0.1,0.05,0.05,0.1,0.0,0.0
225,0.0,0.0,0.0,0.0,0.0,0.2,0.0,0.05,0.55,0.0,0.0,0.15,0.0,0.05,0.0,0.0,0.0
226,0.0,0.0,0.0,0.0,0.0,0.0,0.0,0.65,0.1,0.0,0.05,0.05,0.15,0.0,0.0,0.0,0.0
227,0.0,0.0,0.0,0.0,0.0,0.0,0.0,0.05,0.05,0.0,0.0,0.0,0.0,0.0,0.0,0.05,0.85
228,0.0,0.0,0.0,0.0,0.0,0.0,0.0,0.0,0.0,0.0,0.0,0.0,0.0,0.0,0.95,0.05,0.0
229,0.0,0.0,0.0,0.0,0.0,0.0,0.0,0.0,0.0,0.0,0.0,0.0,0.0,0.0,0.0,0.0,1.0
230,0.0,0.0,0.0,0.0,0.0,0.0,0.0,0.0,0.1,0.0,0.0,0.0,0.0,0.0,0.0,0.0,0.9
231,0.0,0.0,0.0,0.0,0.0,0.0,0.0,0.0,0.2,0.0,0.0,0.0,0.0,0.0,0.0,0.0,0.8
232,0.0,0.0,0.0,0.0,0.0,0.0,0.0,0.0,0.0,0.0,0.0,0.0,0.0,0.0,0.15,0.8,0.05
233,0.0,0.55,0.0,0.0,0.05,0.0,0.05,0.0,0.05,0.1,0.1,0.0,0.0,0.0,0.0,0.05,0.05
234,0.0,0.0,0.0,0.05,0.0,0.0,0.15,0.0,0.0,0.0,0.7,0.0,0.0,0.1,0.0,0.0,0.0
235,0.0,0.0,0.0,0.0,0.05,0.0,0.0,0.05,0.15,0.0,0.0,0.0,0.0,0.15,0.3,0.05,0.25
236,0.0,0.0,0.0,0.0,0.0,0.0,0.0,0.0,0.0,0.0,0.0,0.05,0.0,0.05,0.0,0.0,0.9
237,0.0,0.05,0.0,0.0,0.0,0.0,0.05,0.0,0.0,0.0,0.05,0.0,0.0,0.0,0.1,0.0,0.75
238,0.0,0.0,0.0,0.05,0.85,0.0,0.0,0.0,0.0,0.1,0.0,0.0,0.0,0.0,0.0,0.0,0.0
239,0.0,0.0,0.0,0.0,0.0,0.0,0.0,0.0,0.0,0.0,0.1,0.0,0.0,0.0,0.55,0.25,0.1
240,0.0,0.0,0.0,0.0,0.0,0.0,0.0,0.0,0.0,0.0,0.0,0.0,0.0,0.0,1.0,0.0,0.0
241,0.0,0.0,0.0,0.0,0.0,0.0,0.0,0.0,0.0,0.0,0.0,0.0,0.0,0.0,0.05,0.0,0.95
242,0.0,0.05,0.0,0.0,0.1,0.0,0.0,0.05,0.0,0.05,0.15,0.0,0.0,0.05,0.25,0.0,0.3
243,0.0,0.0,0.0,0.0,0.0,0.0,0.15,0.0,0.0,0.0,0.1,0.0,0.0,0.0,0.1,0.0,0.65
244,0.05,0.0,0.0,0.0,0.25,0.0,0.45,0.0,0.05,0.0,0.0,0.0,0.2,0.0,0.0,0.0,0.0
245,0.0,0.0,0.0,0.0,0.05,0.0,0.0,0.0,0.0,0.0,0.0,0.0,0.0,0.0,0.0,0.0,0.95
246,0.0,0.0,0.0,0.0,0.0,0.0,0.1,0.0,0.0,0.0,0.0,0.0,0.0,0.0,0.1,0.0,0.8
247,0.0,0.0,0.0,0.0,0.0,0.0,0.0,0.0,0.0,0.0,0.05,0.0,0.0,0.0,0.0,0.0,0.95
248,0.0,0.7,0.0,0.0,0.1,0.0,0.0,0.0,0.0,0.0,0.0,0.0,0.0,0.0,0.05,0.05,0.1
249,0.0,0.1,0.05,0.05,0.0,0.0,0.1,0.0,0.05,0.0,0.0,0.0,0.0,0.0,0.25,0.0,0.4
250,0.0,0.0,0.0,0.0,0.0,0.0,0.0,0.0,0.2,0.0,0.0,0.1,0.0,0.05,0.0,0.0,0.65
251,0.2,0.0,0.0,0.25,0.0,0.0,0.25,0.0,0.0,0.0,0.1,0.0,0.0,0.05,0.0,0.05,0.1
252,0.0,0.0,0.0,0.0,0.05,0.0,0.0,0.0,0.0,0.0,0.05,0.0,0.0,0.0,0.0,0.15,0.75
253,0.0,0.0,0.0,0.0,0.0,0.0,0.8,0.0,0.0,0.0,0.0,0.0,0.05,0.0,0.0,0.05,0.1
254,0.0,0.0,0.0,0.0,0.05,0.0,0.0,0.6,0.15,0.0,0.0,0.15,0.0,0.05,0.0,0.0,0.0
255,0.05,0.3,0.0,0.0,0.3,0.0,0.0,0.0,0.0,0.05,0.0,0.0,0.0,0.0,0.0,0.2,0.1
256,0.0,0.0,0.0,0.0,0.0,0.0,0.0,0.2,0.0,0.0,0.0,0.0,0.0,0.0,0.75,0.05,0.0
257,0.0,0.0,0.0,0.0,0.0,0.0,0.0,0.0,0.0,0.0,0.0,0.0,0.05,0.0,0.0,0.05,0.9
258,0.0,0.75,0.0,0.0,0.15,0.0,0.0,0.0,0.0,0.0,0.05,0.0,0.0,0.0,0.0,0.05,0.0
259,0.0,0.0,0.0,0.0,0.0,0.0,0.0,0.0,0.0,0.8,0.05,0.0,0.0,0.0,0.15,0.0,0.0
260,0.15,0.0,0.15,0.0,0.1,0.0,0.1,0.0,0.05,0.0,0.45,0.0,0.0,0.0,0.0,0.0,0.0
261,0.0,0.0,0.0,0.0,0.0,0.0,0.2,0.0,0.0,0.0,0.3,0.0,0.0,0.5,0.0,0.0,0.0
262,0.0,0.8,0.0,0.0,0.05,0.0,0.0,0.0,0.0,0.0,0.0,0.0,0.0,0.0,0.0,0.15,0.0
263,0.0,0.0,0.0,0.0,0.05,0.0,0.5,0.1,0.0,0.0,0.1,0.0,0.0,0.0,0.0,0.25,0.0
264,0.0,0.95,0.0,0.0,0.0,0.0,0.0,0.0,0.0,0.0,0.0,0.0,0.0,0.0,0.0,0.0,0.05
265,0.1,0.0,0.15,0.05,0.0,0.0,0.2,0.0,0.0,0.45,0.05,0.0,0.0,0.0,0.0,0.0,0.0
266,0.0,0.0,0.0,0.0,0.0,0.0,0.0,0.0,0.0,0.0,0.0,0.0,0.0,0.05,0.0,0.0,0.95
267,0.0,0.0,0.0,0.0,0.0,0.0,0.0,0.0,0.0,0.0,0.0,0.0,0.0,0.0,0.1,0.9,0.0
268,0.0,0.05,0.0,0.0,0.05,0.0,0.15,0.0,0.05,0.0,0.2,0.0,0.0,0.0,0.0,0.1,0.4
269,0.0,0.0,0.0,0.0,0.0,0.0,0.0,0.0,0.0,0.0,0.0,0.0,0.0,0.0,0.0,1.0,0.0
270,0.0,0.3,0.0,0.0,0.25,0.0,0.05,0.0,0.0,0.0,0.05,0.0,0.0,0.0,0.0,0.0,0.35
271,0.0,0.85,0.0,0.0,0.05,0.0,0.0,0.0,0.0,0.0,0.0,0.0,0.0,0.0,0.0,0.0,0.1
272,0.0,0.0,0.0,0.0,0.0,0.0,0.0,0.45,0.25,0.0,0.15,0.0,0.0,0.1,0.0,0.0,0.05
273,0.0,0.0,0.0,0.0,0.05,0.0,0.05,0.0,0.05,0.0,0.0,0.0,0.0,0.0,0.0,0.4,0.45
274,0.0,0.0,0.0,0.0,0.0,0.0,0.9,0.0,0.1,0.0,0.0,0.0,0.0,0.0,0.0,0.0,0.0
275,0.0,0.0,0.0,0.0,0.0,0.0,0.05,0.0,0.0,0.0,0.05,0.0,0.0,0.0,0.25,0.65,0.0
276,1.0,0.0,0.0,0.0,0.0,0.0,0.0,0.0,0.0,0.0,0.0,0.0,0.0,0.0,0.0,0.0,0.0
277,0.0,0.2,0.0,0.0,0.45,0.0,0.05,0.0,0.0,0.0,0.0,0.0,0.0,0.0,0.0,0.1,0.2
278,0.0,0.15,0.0,0.0,0.0,0.0,0.05,0.3,0.0,0.0,0.2,0.0,0.0,0.05,0.05,0.05,0.15
279,0.0,0.0,0.0,0.05,0.05,0.0,0.3,0.0,0.05,0.0,0.0,0.0,0.0,0.05,0.2,0.05,0.25
280,0.0,0.0,0.0,0.0,0.35,0.0,0.6,0.0,0.0,0.0,0.0,0.0,0.0,0.05,0.0,0.0,0.0
281,0.05,0.0,0.0,0.0,0.0,0.0,0.15,0.0,0.0,0.0,0.75,0.0,0.0,0.0,0.05,0.0,0.0
282,0.0,0.0,0.0,0.0,0.0,0.0,0.0,0.0,0.0,0.0,0.0,0.0,0.0,0.0,0.05,0.0,0.95
283,0.0,0.0,0.0,0.0,0.15,0.0,0.0,0.0,0.0,0.0,0.55,0.0,0.0,0.25,0.0,0.0,0.05
284,0.0,0.05,0.0,0.0,0.0,0.0,0.0,0.0,0.0,0.0,0.05,0.0,0.0,0.0,0.1,0.8,0.0
285,0.0,0.0,0.0,0.0,0.0,0.0,0.0,0.0,0.0,0.0,0.1,0.0,0.0,0.0,0.0,0.9,0.0
286,0.0,0.0,0.0,0.0,0.4,0.0,0.25,0.0,0.05,0.0,0.0,0.0,0.1,0.0,0.0,0.2,0.0
287,0.0,0.0,0.05,0.0,0.0,0.0,0.05,0.0,0.0,0.0,0.05,0.0,0.0,0.0,0.05,0.25,0.55
288,0.0,0.0,0.0,0.0,0.0,0.0,0.0,0.1,0.0,0.05,0.05,0.0,0.0,0.6,0.1,0.1,0.0
289,0.0,0.0,0.0,0.0,0.0,0.0,0.75,0.0,0.0,0.0,0.0,0.0,0.0,0.0,0.0,0.25,0.0
290,0.05,0.0,0.0,0.0,0.0,0.0,0.0,0.0,0.0,0.0,0.0,0.0,0.0,0.0,0.35,0.55,0.05
291,0.0,0.2,0.0,0.0,0.8,0.0,0.0,0.0,0.0,0.0,0.0,0.0,0.0,0.0,0.0,0.0,0.0
292,0.0,0.0,0.05,0.0,0.0,0.0,0.05,0.0,0.05,0.0,0.1,0.0,0.0,0.5,0.2,0.05,0.0
293,0.05,0.0,0.0,0.05,0.0,0.0,0.0,0.5,0.0,0.0,0.15,0.0,0.0,0.2,0.0,0.0,0.05
294,0.0,0.0,0.0,0.0,0.0,0.0,0.0,0.05,0.0,0.0,0.9,0.0,0.0,0.0,0.0,0.05,0.0
295,0.0,0.0,0.0,0.0,0.05,0.0,0.0,0.0,0.0,0.0,0.0,0.0,0.0,0.0,0.0,0.0,0.95
296,0.0,0.0,0.0,0.0,0.0,0.0,0.0,0.0,0.05,0.0,0.85,0.0,0.05,0.05,0.0,0.0,0.0
297,0.0,0.0,0.0,0.0,0.05,0.0,0.0,0.0,0.0,0.0,0.2,0.0,0.0,0.05,0.0,0.7,0.0
298,0.0,0.0,0.0,0.0,0.0,0.0,0.05,0.0,0.0,0.0,0.0,0.0,0.0,0.0,0.85,0.1,0.0
299,0.0,0.05,0.05,0.05,0.4,0.0,0.0,0.0,0.0,0.0,0.0,0.0,0.0,0.25,0.2,0.0,0.0
300,0.0,0.0,0.0,0.0,0.0,0.0,0.0,0.0,0.0,0.0,0.0,0.0,0.0,0.0,0.65,0.35,0.0
301,0.0,0.0,0.0,0.0,0.0,0.0,0.0,0.0,0.05,0.0,0.9,0.0,0.0,0.05,0.0,0.0,0.0
302,1.0,0.0,0.0,0.0,0.0,0.0,0.0,0.0,0.0,0.0,0.0,0.0,0.0,0.0,0.0,0.0,0.0
303,0.0,0.0,0.0,0.0,0.0,0.0,0.0,0.0,0.0,0.0,0.0,0.0,0.05,0.0,0.8,0.15,0.0
304,0.0,0.0,0.0,0.0,0.0,0.0,0.0,0.05,0.0,0.0,0.25,0.0,0.0,0.0,0.2,0.5,0.0
305,0.0,0.0,0.0,0.05,0.0,0.0,0.0,0.0,0.0,0.0,0.0,0.0,0.0,0.0,0.0,0.0,0.95
306,0.0,0.0,0.0,0.0,0.0,0.0,0.0,0.0,0.0,0.0,0.0,0.0,0.0,0.0,0.0,0.0,1.0
307,0.0,0.05,0.0,0.05,0.05,0.0,0.0,0.0,0.0,0.0,0.65,0.0,0.0,0.0,0.15,0.05,0.0
308,0.05,0.0,0.0,0.05,0.0,0.0,0.15,0.0,0.0,0.0,0.1,0.0,0.0,0.0,0.6,0.05,0.0
309,0.0,0.0,0.0,0.0,0.0,0.0,0.0,0.55,0.05,0.0,0.15,0.0,0.25,0.0,0.0,0.0,0.0
310,0.0,0.05,0.0,0.55,0.0,0.0,0.35,0.0,0.0,0.0,0.0,0.0,0.0,0.05,0.0,0.0,0.0
311,0.0,0.0,0.35,0.0,0.05,0.0,0.3,0.05,0.1,0.0,0.0,0.0,0.0,0.15,0.0,0.0,0.0
312,0.0,0.0,0.0,0.0,0.0,0.0,0.05,0.0,0.1,0.0,0.0,0.0,0.05,0.0,0.0,0.8,0.0
313,0.0,0.0,0.0,0.0,0.0,0.0,0.0,0.0,0.0,0.0,0.0,0.0,0.0,0.0,0.05,0.9,0.05
314,0.05,0.05,0.05,0.0,0.0,0.0,0.05,0.15,0.05,0.05,0.0,0.05,0.0,0.1,0.15,0.2,0.05
315,0.0,0.0,0.05,0.0,0.15,0.0,0.0,0.05,0.05,0.0,0.0,0.0,0.0,0.05,0.0,0.0,0.65
316,0.0,0.0,0.0,0.0,0.0,0.0,0.15,0.7,0.0,0.0,0.0,0.0,0.0,0.0,0.0,0.15,0.0
317,0.0,0.0,0.0,0.0,0.0,0.0,0.05,0.1,0.05,0.0,0.25,0.0,0.2,0.0,0.0,0.35,0.0
318,0.0,0.0,0.0,0.0,0.0,0.0,0.05,0.0,0.0,0.0,0.0,0.0,0.0,0.0,0.1,0.85,0.0
319,0.0,0.0,0.0,0.0,0.0,0.0,0.05,0.05,0.0,0.0,0.0,0.0,0.0,0.0,0.0,0.0,0.9
320,0.0,0.05,0.0,0.0,0.15,0.0,0.0,0.0,0.35,0.0,0.0,0.0,0.2,0.0,0.0,0.0,0.25
321,0.0,0.05,0.0,0.0,0.0,0.0,0.05,0.0,0.0,0.0,0.2,0.05,0.0,0.0,0.1,0.0,0.55
322,0.05,0.0,0.0,0.0,0.0,0.0,0.0,0.0,0.0,0.0,0.15,0.0,0.0,0.0,0.0,0.0,0.8
323,0.1,0.0,0.0,0.05,0.0,0.0,0.2,0.1,0.0,0.0,0.4,0.0,0.0,0.1,0.05,0.0,0.0
324,0.0,0.0,0.0,0.0,0.0,0.0,0.0,0.0,0.0,0.05,0.0,0.0,0.0,0.0,0.9,0.05,0.0
325,0.0,0.0,0.0,0.0,0.0,0.0,0.0,0.0,0.1,0.0,0.0,0.0,0.0,0.0,0.0,0.9,0.0
326,0.0,0.0,0.0,0.0,0.0,0.0,0.0,0.6,0.0,0.0,0.0,0.0,0.2,0.0,0.0,0.0,0.2
327,0.0,0.0,0.0,0.0,0.0,0.0,0.0,0.55,0.1,0.0,0.25,0.0,0.05,0.0,0.0,0.05,0.0
328,0.0,0.05,0.0,0.05,0.0,0.0,0.0,0.05,0.0,0.0,0.2,0.2,0.0,0.0,0.0,0.2,0.25
329,0.0,0.0,0.05,0.0,0.05,0.0,0.0,0.05,0.35,0.0,0.0,0.15,0.05,0.05,0.2,0.0,0.05
330,0.0,0.0,0.0,0.0,0.1,0.0,0.3,0.0,0.0,0.0,0.0,0.0,0.0,0.0,0.5,0.1,0.0
331,0.0,0.0,0.0,0.0,0.0,0.0,0.85,0.05,0.0,0.0,0.1,0.0,0.0,0.0,0.0,0.0,0.0
332,0.0,0.0,0.0,0.0,0.05,0.0,0.0,0.0,0.0,0.0,0.0,0.0,0.0,0.0,0.0,0.0,0.95
333,0.0,0.0,0.0,0.0,0.0,0.0,0.05,0.0,0.0,0.0,0.05,0.0,0.0,0.0,0.55,0.1,0.25
334,0.0,0.05,0.0,0.0,0.0,0.0,0.0,0.0,0.0,0.0,0.05,0.0,0.0,0.0,0.5,0.1,0.3
335,0.0,0.0,0.0,0.0,0.0,0.0,0.2,0.25,0.5,0.0,0.0,0.0,0.0,0.0,0.0,0.05,0.0
336,0.0,0.0,0.0,0.0,0.0,0.0,0.0,0.05,0.05,0.0,0.05,0.0,0.1,0.0,0.0,0.0,0.75
337,0.0,0.0,0.0,0.0,0.0,0.0,0.1,0.3,0.05,0.0,0.0,0.2,0.25,0.1,0.0,0.0,0.0
338,0.0,0.05,0.0,0.0,0.0,0.0,0.0,0.0,0.0,0.0,0.85,0.0,0.0,0.0,0.0,0.1,0.0
339,0.0,0.1,0.0,0.0,0.0,0.0,0.0,0.0,0.0,0.8,0.0,0.0,0.0,0.0,0.1,0.0,0.0
340,0.1,0.0,0.0,0.0,0.0,0.0,0.35,0.05,0.3,0.0,0.1,0.0,0.0,0.0,0.0,0.1,0.0
341,0.0,0.0,0.0,0.0,0.0,0.0,0.0,0.1,0.25,0.0,0.6,0.0,0.0,0.0,0.0,0.0,0.05
342,0.0,0.0,0.05,0.0,0.0,0.0,0.1,0.0,0.0,0.0,0.1,0.0,0.0,0.55,0.15,0.05,0.0
343,0.0,0.0,0.0,0.0,0.0,0.0,0.0,0.0,0.75,0.0,0.0,0.05,0.2,0.0,0.0,0.0,0.0
344,0.0,0.6,0.0,0.0,0.0,0.0,0.05,0.0,0.0,0.0,0.0,0.0,0.0,0.0,0.0,0.0,0.35
345,0.0,0.0,0.0,0.0,0.25,0.0,0.05,0.05,0.05,0.0,0.05,0.0,0.0,0.0,0.35,0.05,0.15
346,0.0,0.05,0.0,0.0,0.2,0.0,0.0,0.0,0.15,0.0,0.05,0.0,0.05,0.05,0.15,0.05,0.25
347,0.0,0.0,0.0,0.05,0.0,0.0,0.0,0.0,0.15,0.25,0.05,0.0,0.0,0.1,0.15,0.25,0.0
348,0.0,0.0,0.0,0.0,0.0,0.0,0.95,0.0,0.05,0.0,0.0,0.0,0.0,0.0,0.0,0.0,0.0
349,0.0,0.0,0.0,0.0,0.0,0.0,0.0,0.0,0.0,0.0,0.55,0.0,0.0,0.1,0.05,0.25,0.05
350,0.0,0.0,0.0,0.0,0.0,0.0,0.0,0.0,0.0,0.0,0.0,0.0,0.0,0.0,0.05,0.0,0.95
351,0.0,0.05,0.0,0.0,0.1,0.0,0.0,0.0,0.0,0.0,0.0,0.0,0.0,0.0,0.0,0.65,0.2
352,0.0,0.05,0.0,0.0,0.0,0.0,0.0,0.0,0.0,0.0,0.0,0.0,0.0,0.0,0.8,0.15,0.0
353,0.0,0.1,0.0,0.0,0.0,0.0,0.0,0.0,0.0,0.0,0.0,0.0,0.0,0.0,0.0,0.0,0.9
354,0.0,0.0,0.0,0.0,0.0,0.0,0.05,0.0,0.0,0.0,0.0,0.0,0.0,0.0,0.0,0.9,0.05
355,0.0,0.0,0.0,0.0,0.0,0.0,0.0,0.0,0.0,0.0,0.1,0.0,0.0,0.0,0.0,0.0,0.9
356,0.0,0.0,0.0,0.0,0.0,0.0,0.3,0.0,0.0,0.0,0.0,0.0,0.05,0.0,0.0,0.1,0.55
357,0.0,0.0,0.0,0.0,0.0,0.0,0.75,0.0,0.0,0.0,0.15,0.0,0.0,0.0,0.0,0.1,0.0
358,0.0,0.0,0.0,0.0,0.0,0.0,0.5,0.25,0.0,0.0,0.05,0.0,0.0,0.0,0.0,0.0,0.2
359,0.0,0.0,0.0,0.0,0.0,0.0,0.0,0.0,0.0,0.0,0.8,0.0,0.0,0.0,0.0,0.0,0.2
360,0.0,0.0,0.0,0.0,0.0,0.0,0.0,0.0,0.0,0.0,0.75,0.0,0.0,0.0,0.0,0.0,0.25
361,0.0,0.0,0.0,0.0,0.0,0.0,0.05,0.0,0.0,0.0,0.0,0.0,0.0,0.0,0.15,0.25,0.55
362,0.0,0.0,0.0,0.0,0.0,0.0,0.0,0.0,0.0,0.0,0.0,0.0,0.0,0.0,0.0,0.05,0.95
363,0.0,0.0,0.0,0.0,0.0,0.0,0.0,0.0,0.05,0.0,0.0,0.0,0.0,0.0,0.0,0.0,0.95
364,0.15,0.0,0.0,0.0,0.15,0.0,0.35,0.0,0.2,0.0,0.05,0.0,0.0,0.05,0.05,0.0,0.0
365,0.0,0.2,0.0,0.0,0.0,0.0,0.0,0.0,0.0,0.05,0.0,0.0,0.0,0.0,0.25,0.5,0.0
366,0.0,0.0,0.0,0.0,0.0,0.0,0.0,0.15,0.2,0.0,0.0,0.0,0.1,0.0,0.1,0.45,0.0
367,0.05,0.15,0.0,0.0,0.0,0.0,0.0,0.0,0.05,0.0,0.05,0.0,0.0,0.0,0.0,0.0,0.7
368,0.0,0.0,0.0,0.0,0.0,0.0,0.0,0.0,0.15,0.0,0.0,0.0,0.0,0.0,0.0,0.05,0.8
369,0.0,0.75,0.0,0.0,0.25,0.0,0.0,0.0,0.0,0.0,0.0,0.0,0.0,0.0,0.0,0.0,0.0
370,0.0,0.0,0.0,0.0,0.0,0.0,0.9,0.0,0.0,0.0,0.0,0.0,0.0,0.0,0.0,0.1,0.0
371,0.0,0.0,0.0,0.0,0.0,0.0,0.0,0.0,0.0,0.0,0.0,0.0,0.0,0.0,0.9,0.1,0.0
372,0.0,0.15,0.0,0.0,0.0,0.0,0.2,0.0,0.0,0.05,0.0,0.0,0.0,0.05,0.2,0.0,0.35
373,0.0,0.0,0.0,0.0,0.0,0.0,0.0,0.05,0.0,0.0,0.0,0.0,0.0,0.0,0.25,0.7,0.0
374,0.0,0.75,0.0,0.0,0.15,0.0,0.0,0.0,0.0,0.0,0.0,0.0,0.0,0.0,0.1,0.0,0.0
375,0.0,0.0,0.0,0.0,0.0,0.0,0.0,0.0,0.0,0.0,0.0,0.0,0.0,0.0,0.75,0.25,0.0
376,0.05,0.0,0.0,0.0,0.0,0.0,0.05,0.0,0.05,0.0,0.0,0.0,0.0,0.0,0.75,0.1,0.0
377,0.05,0.0,0.0,0.0,0.0,0.0,0.0,0.0,0.05,0.0,0.0,0.0,0.0,0.0,0.05,0.0,0.85
378,0.0,0.0,0.0,0.0,0.0,0.0,0.0,0.0,0.0,0.0,0.0,0.0,0.0,0.0,1.0,0.0,0.0
379,0.0,0.0,0.0,0.0,0.0,0.0,0.2,0.0,0.05,0.0,0.0,0.0,0.2,0.0,0.0,0.0,0.55
380,0.0,0.0,0.0,0.0,0.0,0.0,0.0,0.0,0.0,0.0,0.0,0.0,0.0,0.0,0.0,0.0,1.0
381,0.0,0.0,0.0,0.0,0.0,0.05,0.35,0.05,0.0,0.0,0.0,0.5,0.05,0.0,0.0,0.0,0.0
382,0.0,0.0,0.0,0.0,0.0,0.0,0.0,0.45,0.4,0.0,0.0,0.0,0.1,0.05,0.0,0.0,0.0
383,0.0,0.0,0.0,0.0,0.0,0.0,0.0,0.0,0.0,0.05,0.05,0.0,0.0,0.75,0.0,0.1,0.05
384,0.0,0.0,0.0,0.0,0.0,0.0,0.1,0.0,0.0,0.0,0.1,0.0,0.0,0.05,0.0,0.3,0.45
385,0.0,0.0,0.0,0.0,0.0,0.0,0.0,0.0,0.0,0.0,0.0,0.0,0.0,0.0,0.15,0.85,0.0
386,0.0,0.0,0.0,0.0,0.0,0.0,0.0,0.0,0.0,0.0,0.0,0.0,0.0,0.0,0.0,0.0,1.0
387,0.0,0.1,0.0,0.0,0.05,0.0,0.0,0.0,0.0,0.0,0.05,0.0,0.0,0.0,0.65,0.1,0.05
388,0.05,0.0,0.0,0.0,0.0,0.0,0.05,0.3,0.0,0.0,0.05,0.0,0.0,0.0,0.05,0.5,0.0
389,0.05,0.05,0.1,0.0,0.1,0.0,0.0,0.0,0.0,0.05,0.0,0.0,0.0,0.2,0.35,0.05,0.05
390,0.0,0.35,0.0,0.0,0.0,0.0,0.0,0.0,0.0,0.25,0.0,0.0,0.0,0.0,0.3,0.1,0.0
391,0.05,0.0,0.0,0.0,0.05,0.0,0.0,0.0,0.2,0.0,0.0,0.5,0.2,0.0,0.0,0.0,0.0
392,0.0,0.0,0.0,0.0,0.15,0.0,0.0,0.3,0.0,0.0,0.0,0.0,0.0,0.1,0.0,0.05,0.4
393,0.55,0.0,0.05,0.0,0.1,0.0,0.05,0.0,0.0,0.0,0.05,0.0,0.0,0.0,0.2,0.0,0.0
394,0.05,0.0,0.0,0.0,0.0,0.0,0.05,0.05,0.3,0.1,0.05,0.05,0.05,0.1,0.1,0.05,0.05
395,0.0,0.0,0.0,0.0,0.0,0.0,0.0,0.0,0.0,0.0,0.0,0.0,0.0,0.0,0.0,0.0,1.0
396,0.0,0.0,0.0,0.0,0.0,0.0,0.0,0.0,0.0,0.0,0.0,0.0,0.0,0.0,0.95,0.05,0.0
397,0.0,0.0,0.2,0.0,0.0,0.0,0.05,0.1,0.1,0.05,0.0,0.0,0.0,0.0,0.05,0.0,0.45
398,0.0,0.15,0.0,0.1,0.0,0.0,0.1,0.0,0.0,0.0,0.1,0.0,0.0,0.0,0.15,0.0,0.4
399,0.0,0.55,0.0,0.0,0.0,0.0,0.0,0.0,0.0,0.0,0.05,0.0,0.0,0.25,0.0,0.0,0.15
400,0.0,0.1,0.0,0.0,0.85,0.0,0.0,0.0,0.0,0.0,0.0,0.0,0.0,0.0,0.0,0.05,0.0
401,0.0,0.15,0.05,0.05,0.0,0.0,0.25,0.0,0.0,0.0,0.0,0.0,0.0,0.05,0.0,0.0,0.45
402,0.0,0.05,0.0,0.0,0.3,0.0,0.15,0.0,0.05,0.0,0.0,0.0,0.0,0.35,0.0,0.1,0.0
403,0.0,0.0,0.0,0.0,0.0,0.0,0.0,0.15,0.15,0.0,0.6,0.0,0.05,0.0,0.0,0.0,0.05
404,0.0,0.0,0.0,0.0,0.0,0.0,0.0,0.0,0.0,0.0,0.0,0.0,0.0,0.0,0.0,0.05,0.95
405,0.0,0.0,0.0,0.0,0.0,0.0,0.25,0.0,0.05,0.0,0.0,0.0,0.0,0.0,0.0,0.05,0.65
406,0.0,0.0,0.0,0.0,0.0,0.0,0.0,0.55,0.15,0.0,0.3,0.0,0.0,0.0,0.0,0.0,0.0
407,0.0,0.05,0.0,0.0,0.15,0.0,0.0,0.0,0.0,0.0,0.05,0.0,0.0,0.0,0.0,0.65,0.1
408,0.0,0.0,0.0,0.0,0.0,0.0,0.0,0.1,0.0,0.0,0.45,0.0,0.0,0.0,0.0,0.45,0.0
409,0.0,0.0,0.0,0.0,0.0,0.0,0.0,0.0,0.0,0.0,0.0,0.0,0.0,0.0,0.0,0.0,1.0
410,0.0,0.1,0.0,0.0,0.0,0.0,0.0,0.0,0.0,0.0,0.05,0.0,0.0,0.0,0.85,0.0,0.0
411,0.05,0.05,0.1,0.0,0.2,0.0,0.0,0.1,0.0,0.0,0.0,0.0,0.0,0.0,0.45,0.05,0.0
412,0.0,0.0,0.0,0.05,0.15,0.0,0.15,0.05,0.1,0.3,0.1,0.0,0.0,0.1,0.0,0.0,0.0
413,0.0,0.0,0.0,0.0,0.0,0.0,0.05,0.0,0.0,0.0,0.0,0.0,0.0,0.0,0.1,0.7,0.15
414,0.0,0.0,0.0,0.0,0.05,0.0,0.1,0.0,0.0,0.0,0.0,0.0,0.0,0.0,0.05,0.15,0.65
415,0.0,0.0,0.0,0.0,0.0,0.0,0.0,0.0,0.0,0.0,0.0,0.0,0.0,0.0,0.0,0.05,0.95
416,0.0,0.0,0.0,0.0,0.0,0.0,0.0,0.0,0.0,0.0,0.0,0.0,0.0,0.05,0.0,0.0,0.95
417,0.05,0.0,0.0,0.0,0.0,0.0,0.05,0.45,0.05,0.0,0.05,0.0,0.05,0.15,0.1,0.0,0.05
418,0.0,0.05,0.0,0.0,0.0,0.0,0.05,0.0,0.05,0.05,0.0,0.0,0.0,0.0,0.1,0.6,0.1
419,0.05,0.05,0.0,0.0,0.85,0.0,0.0,0.0,0.0,0.0,0.05,0.0,0.0,0.0,0.0,0.0,0.0
420,0.0,0.0,0.0,0.0,0.0,0.0,0.0,0.0,0.05,0.0,0.0,0.0,0.0,0.0,0.9,0.0,0.05
421,0.0,0.0,0.0,0.0,0.0,0.0,0.05,0.0,0.05,0.0,0.1,0.0,0.0,0.7,0.05,0.05,0.0
422,0.0,0.05,0.25,0.0,0.1,0.0,0.05,0.0,0.0,0.0,0.0,0.0,0.0,0.0,0.0,0.1,0.45
423,0.0,0.55,0.0,0.0,0.15,0.0,0.05,0.0,0.0,0.05,0.05,0.0,0.0,0.05,0.0,0.0,0.1
424,0.05,0.0,0.0,0.0,0.9,0.0,0.0,0.0,0.0,0.0,0.0,0.0,0.0,0.0,0.0,0.0,0.05
425,0.0,0.0,0.0,0.0,0.0,0.0,0.65,0.1,0.0,0.0,0.15,0.0,0.1,0.0,0.0,0.0,0.0
426,0.0,0.05,0.0,0.0,0.05,0.0,0.0,0.05,0.0,0.1,0.05,0.0,0.0,0.0,0.05,0.0,0.65
427,0.0,0.0,0.0,0.0,0.0,0.0,0.0,0.6,0.25,0.0,0.1,0.0,0.05,0.0,0.0,0.0,0.0
428,0.0,0.05,0.0,0.0,0.0,0.0,0.0,0.0,0.0,0.0,0.0,0.0,0.0,0.85,0.05,0.05,0.0
429,0.05,0.0,0.05,0.0,0.25,0.0,0.35,0.05,0.15,0.0,0.0,0.0,0.0,0.1,0.0,0.0,0.0
430,0.0,0.05,0.0,0.0,0.0,0.0,0.0,0.0,0.0,0.0,0.0,0.0,0.0,0.05,0.3,0.5,0.1
431,0.0,0.0,0.0,0.0,0.0,0.0,0.0,0.0,0.0,0.0,0.0,0.0,0.0,0.0,0.0,0.0,1.0
432,0.0,0.0,0.0,0.0,0.0,0.0,0.0,0.0,0.05,0.0,0.8,0.0,0.15,0.0,0.0,0.0,0.0
433,0.0,0.0,0.1,0.0,0.05,0.0,0.2,0.1,0.0,0.0,0.15,0.0,0.0,0.1,0.15,0.15,0.0
434,0.0,0.0,0.0,0.0,0.0,0.0,0.0,0.0,0.0,0.0,0.0,0.0,0.0,0.0,0.0,0.0,1.0
435,0.0,0.0,0.0,0.0,0.55,0.0,0.0,0.0,0.0,0.0,0.0,0.0,0.0,0.0,0.45,0.0,0.0
436,0.0,0.0,0.0,0.0,0.05,0.0,0.7,0.05,0.05,0.0,0.0,0.0,0.0,0.1,0.0,0.05,0.0
437,0.0,0.0,0.0,0.0,0.95,0.0,0.0,0.0,0.0,0.0,0.05,0.0,0.0,0.0,0.0,0.0,0.0
438,0.0,0.0,0.0,0.0,0.05,0.0,0.3,0.0,0.05,0.0,0.0,0.0,0.2,0.15,0.05,0.1,0.1
439,0.0,0.05,0.0,0.0,0.0,0.0,0.0,0.0,0.05,0.0,0.2,0.0,0.0,0.0,0.0,0.65,0.05
440,0.0,0.0,0.0,0.0,0.0,0.0,0.0,0.0,0.0,0.0,0.0,0.0,0.0,0.0,0.0,0.0,1.0
441,0.0,0.0,0.0,0.0,0.0,0.0,0.0,0.0,0.0,0.0,0.0,0.0,0.0,0.0,0.0,0.0,1.0
442,0.0,0.2,0.0,0.0,0.8,0.0,0.0,0.0,0.0,0.0,0.0,0.0,0.0,0.0,0.0,0.0,0.0
443,0.0,0.0,0.0,0.0,0.0,0.0,0.0,0.0,0.0,0.0,0.0,0.0,0.0,0.0,0.95,0.05,0.0
444,0.0,0.45,0.0,0.0,0.0,0.0,0.0,0.0,0.0,0.15,0.0,0.0,0.0,0.0,0.3,0.1,0.0
445,0.15,0.05,0.0,0.0,0.0,0.0,0.05,0.05,0.1,0.0,0.25,0.0,0.0,0.0,0.0,0.0,0.35
446,0.0,0.0,0.0,0.0,0.0,0.0,0.0,0.0,0.0,0.0,1.0,0.0,0.0,0.0,0.0,0.0,0.0
447,0.0,0.0,0.0,0.0,0.0,0.0,0.0,0.0,0.0,0.0,0.0,0.0,0.0,0.05,0.0,0.0,0.95
448,0.0,0.0,0.0,0.0,0.0,0.0,0.05,0.0,0.0,0.0,0.1,0.0,0.0,0.0,0.85,0.0,0.0
449,0.1,0.0,0.0,0.0,0.5,0.0,0.0,0.0,0.0,0.0,0.05,0.05,0.0,0.0,0.0,0.0,0.3
450,0.0,0.0,0.0,0.0,0.05,0.0,0.0,0.05,0.0,0.1,0.1,0.0,0.0,0.05,0.0,0.1,0.55
451,0.05,0.0,0.0,0.0,0.0,0.0,0.0,0.0,0.2,0.0,0.05,0.05,0.0,0.05,0.6,0.0,0.0
452,0.0,0.0,0.0,0.0,0.0,0.0,0.95,0.05,0.0,0.0,0.0,0.0,0.0,0.0,0.0,0.0,0.0
453,0.0,0.0,0.0,0.0,0.0,0.0,0.95,0.0,0.0,0.0,0.0,0.0,0.05,0.0,0.0,0.0,0.0
454,0.0,0.0,0.0,0.0,0.0,0.0,0.0,0.0,0.0,0.0,0.0,0.0,0.0,0.0,0.0,1.0,0.0
455,0.0,0.45,0.0,0.0,0.05,0.0,0.1,0.05,0.0,0.05,0.0,0.0,0.0,0.0,0.0,0.05,0.25
456,0.05,0.0,0.0,0.0,0.0,0.0,0.0,0.0,0.0,0.0,0.0,0.0,0.0,0.0,0.7,0.25,0.0
457,0.1,0.0,0.05,0.0,0.15,0.0,0.1,0.0,0.05,0.0,0.5,0.0,0.0,0.05,0.0,0.0,0.0
458,0.0,0.0,0.0,0.0,0.0,0.0,0.0,0.0,0.0,0.0,0.95,0.0,0.05,0.0,0.0,0.0,0.0
459,0.9,0.1,0.0,0.0,0.0,0.0,0.0,0.0,0.0,0.0,0.0,0.0,0.0,0.0,0.0,0.0,0.0
460,0.0,0.0,0.05,0.05,0.05,0.05,0.05,0.15,0.0,0.05,0.05,0.0,0.05,0.15,0.05,0.05,0.2
461,0.0,0.0,0.0,0.0,0.0,0.0,0.05,0.3,0.2,0.0,0.25,0.0,0.2,0.0,0.0,0.0,0.0
462,0.1,0.0,0.0,0.05,0.0,0.0,0.25,0.05,0.05,0.1,0.0,0.0,0.0,0.1,0.1,0.15,0.05
463,0.05,0.0,0.0,0.0,0.0,0.0,0.1,0.0,0.0,0.0,0.0,0.0,0.0,0.0,0.8,0.0,0.05
464,0.0,0.0,0.0,0.0,0.0,0.0,0.0,0.0,0.0,0.0,0.0,0.0,0.0,0.05,0.0,0.0,0.95
465,0.0,0.0,0.0,0.05,0.05,0.0,0.0,0.0,0.0,0.0,0.05,0.0,0.0,0.0,0.05,0.0,0.8
466,0.0,0.0,0.0,0.0,0.0,0.0,0.0,0.0,0.0,0.0,0.0,0.0,0.0,0.0,0.0,0.0,1.0
467,0.0,0.0,0.0,0.0,0.0,0.0,0.0,0.25,0.0,0.0,0.0,0.1,0.0,0.1,0.25,0.3,0.0
468,0.0,0.0,0.0,0.0,0.0,0.0,0.05,0.0,0.0,0.0,0.0,0.0,0.0,0.0,0.2,0.75,0.0
469,0.0,0.0,0.0,0.0,0.05,0.0,0.0,0.0,0.1,0.0,0.8,0.0,0.0,0.0,0.0,0.0,0.05
470,0.0,0.1,0.0,0.05,0.1,0.0,0.0,0.0,0.0,0.0,0.05,0.0,0.0,0.0,0.05,0.5,0.15
471,0.0,0.0,0.0,0.0,0.0,0.0,0.0,0.05,0.0,0.0,0.0,0.0,0.0,0.05,0.75,0.15,0.0
472,0.0,0.0,0.0,0.0,0.0,0.0,0.0,0.0,0.0,0.0,0.0,0.0,0.0,0.0,0.0,0.0,1.0
473,0.05,0.0,0.25,0.0,0.0,0.0,0.05,0.15,0.05,0.0,0.1,0.0,0.0,0.05,0.2,0.0,0.1
474,0.0,0.0,0.0,0.0,0.0,0.0,0.0,0.0,0.0,0.0,0.0,0.0,0.0,0.0,0.85,0.1,0.05
475,0.0,0.0,0.0,0.0,0.0,0.0,0.05,0.0,0.0,0.0,0.0,0.0,0.0,0.05,0.0,0.0,0.9
476,0.0,0.0,0.0,0.0,0.0,0.0,0.0,0.0,0.0,0.0,0.0,0.0,0.0,0.0,0.3,0.7,0.0
477,0.0,0.0,0.0,0.0,0.0,0.0,0.95,0.0,0.0,0.0,0.05,0.0,0.0,0.0,0.0,0.0,0.0
478,0.0,0.0,0.0,0.0,0.0,0.0,0.0,0.0,0.0,0.05,0.0,0.0,0.0,0.0,0.35,0.25,0.35
479,0.0,0.0,0.0,0.0,0.0,0.0,0.85,0.0,0.0,0.0,0.0,0.0,0.0,0.0,0.0,0.0,0.15
480,0.0,0.0,0.2,0.0,0.0,0.0,0.0,0.05,0.65,0.0,0.0,0.0,0.0,0.0,0.0,0.0,0.1
481,0.0,0.05,0.0,0.0,0.0,0.0,0.0,0.05,0.0,0.0,0.0,0.0,0.0,0.0,0.0,0.0,0.9
482,0.05,0.15,0.0,0.0,0.0,0.0,0.05,0.0,0.0,0.0,0.0,0.0,0.0,0.65,0.0,0.1,0.0
483,0.0,0.0,0.0,0.0,0.0,0.0,0.05,0.0,0.0,0.0,0.0,0.0,0.0,0.05,0.0,0.9,0.0
484,0.0,0.0,0.0,0.0,0.05,0.0,0.1,0.05,0.0,0.0,0.0,0.0,0.0,0.7,0.0,0.1,0.0
485,0.0,0.0,0.0,0.0,0.0,0.0,0.0,0.0,0.05,0.0,0.0,0.0,0.0,0.95,0.0,0.0,0.0
486,0.05,0.05,0.0,0.05,0.05,0.0,0.45,0.0,0.0,0.0,0.0,0.05,0.0,0.0,0.0,0.25,0.05
487,0.0,0.05,0.0,0.0,0.95,0.0,0.0,0.0,0.0,0.0,0.0,0.0,0.0,0.0,0.0,0.0,0.0
488,0.0,0.0,0.0,0.0,0.0,0.0,0.05,0.75,0.1,0.0,0.0,0.0,0.0,0.0,0.0,0.0,0.1
489,0.0,0.3,0.0,0.0,0.5,0.0,0.0,0.05,0.0,0.0,0.0,0.0,0.0,0.0,0.0,0.0,0.15
490,0.0,0.0,0.0,0.0,0.0,0.0,0.05,0.0,0.0,0.0,0.0,0.0,0.0,0.0,0.0,0.05,0.9
491,0.0,0.0,0.0,0.0,0.0,0.0,0.0,0.0,0.0,0.0,0.0,0.0,0.0,0.0,0.0,1.0,0.0
492,0.0,0.0,0.0,0.0,0.1,0.0,0.0,0.0,0.0,0.0,0.85,0.0,0.0,0.0,0.05,0.0,0.0
493,0.0,0.0,0.0,0.0,0.1,0.0,0.0,0.0,0.0,0.0,0.35,0.05,0.0,0.5,0.0,0.0,0.0
494,0.0,0.15,0.05,0.0,0.0,0.0,0.05,0.0,0.0,0.05,0.1,0.0,0.0,0.0,0.05,0.1,0.45
495,0.0,0.0,0.0,0.0,0.15,0.0,0.0,0.0,0.0,0.05,0.1,0.0,0.0,0.05,0.1,0.35,0.2
496,0.0,0.0,0.0,0.0,0.0,0.0,0.1,0.05,0.1,0.0,0.1,0.0,0.45,0.0,0.0,0.05,0.15
497,0.0,0.0,0.0,0.0,0.0,0.0,0.0,0.0,0.0,0.0,0.0,0.0,0.0,0.0,0.05,0.0,0.95
498,0.0,0.0,0.0,0.0,0.0,0.0,0.0,0.0,0.0,0.0,0.0,0.0,0.0,0.0,0.9,0.05,0.05
499,0.0,0.0,0.0,0.0,0.05,0.0,0.0,0.0,0.0,0.0,0.0,0.0,0.0,0.0,0.75,0.1,0.1
500,0.0,0.0,0.0,0.0,0.05,0.0,0.05,0.0,0.0,0.0,0.2,0.0,0.0,0.0,0.65,0.0,0.05
501,0.0,0.0,0.0,0.0,0.0,0.0,0.3,0.15,0.1,0.0,0.3,0.0,0.0,0.0,0.0,0.0,0.15
502,0.0,0.0,0.0,0.0,0.0,0.0,0.0,0.0,0.0,0.0,0.85,0.0,0.0,0.0,0.0,0.0,0.15
503,0.0,0.05,0.0,0.0,0.0,0.0,0.1,0.05,0.0,0.0,0.0,0.0,0.0,0.1,0.7,0.0,0.0
504,0.0,0.0,0.0,0.0,0.0,0.0,0.0,0.0,0.0,0.0,0.0,0.0,0.0,0.0,0.05,0.95,0.0
505,0.0,0.25,0.0,0.0,0.35,0.0,0.0,0.0,0.0,0.0,0.0,0.0,0.0,0.0,0.0,0.2,0.2
506,0.0,0.0,0.0,0.0,0.0,0.0,0.0,0.0,0.0,0.0,0.05,0.0,0.0,0.0,0.85,0.05,0.05
507,0.0,0.05,0.0,0.0,0.0,0.0,0.0,0.0,0.0,0.1,0.0,0.0,0.0,0.0,0.75,0.1,0.0
508,1.0,0.0,0.0,0.0,0.0,0.0,0.0,0.0,0.0,0.0,0.0,0.0,0.0,0.0,0.0,0.0,0.0
509,0.95,0.0,0.0,0.0,0.0,0.0,0.0,0.0,0.0,0.0,0.0,0.0,0.0,0.0,0.0,0.0,0.05
510,0.1,0.45,0.0,0.0,0.0,0.0,0.0,0.0,0.05,0.0,0.1,0.0,0.0,0.0,0.0,0.3,0.0
511,0.05,0.2,0.0,0.0,0.0,0.0,0.0,0.0,0.0,0.2,0.0,0.0,0.0,0.0,0.4,0.15,0.0
512,0.0,0.0,0.0,0.0,0.0,0.0,0.0,0.0,0.0,0.0,0.0,0.0,0.0,0.0,0.15,0.7,0.15
513,0.0,0.0,0.0,0.0,0.0,0.0,0.0,0.15,0.1,0.0,0.75,0.0,0.0,0.0,0.0,0.0,0.0
514,0.0,0.7,0.0,0.0,0.1,0.0,0.0,0.0,0.0,0.0,0.0,0.0,0.0,0.05,0.05,0.05,0.05
515,0.0,0.0,0.0,0.0,0.0,0.0,0.15,0.25,0.45,0.0,0.0,0.0,0.0,0.0,0.0,0.0,0.15
516,0.0,0.0,0.0,0.0,0.0,0.0,0.0,0.05,0.0,0.0,0.0,0.0,0.0,0.05,0.0,0.65,0.25
517,0.0,0.8,0.0,0.0,0.1,0.0,0.0,0.0,0.0,0.0,0.0,0.0,0.0,0.0,0.0,0.0,0.1
518,0.0,0.0,0.0,0.0,0.5,0.0,0.0,0.0,0.0,0.0,0.1,0.0,0.0,0.0,0.05,0.0,0.35
519,0.0,0.1,0.0,0.0,0.85,0.0,0.0,0.0,0.0,0.0,0.0,0.0,0.0,0.0,0.05,0.0,0.0
520,0.0,0.05,0.0,0.0,0.0,0.0,0.0,0.0,0.05,0.0,0.0,0.0,0.0,0.0,0.3,0.55,0.05
521,0.0,0.0,0.0,0.0,0.0,0.0,0.0,0.0,0.0,0.0,0.0,0.0,0.0,1.0,0.0,0.0,0.0
522,0.0,0.0,0.0,0.0,0.45,0.0,0.0,0.0,0.0,0.0,0.05,0.0,0.0,0.0,0.0,0.0,0.5
523,0.0,0.0,0.0,0.0,0.0,0.0,0.0,0.0,0.0,0.0,0.0,0.0,0.0,0.0,0.0,0.0,1.0
524,0.0,0.1,0.0,0.15,0.0,0.0,0.0,0.0,0.0,0.0,0.45,0.0,0.0,0.0,0.0,0.15,0.15
525,0.0,0.0,0.0,0.0,0.0,0.0,0.05,0.6,0.05,0.0,0.05,0.0,0.0,0.25,0.0,0.0,0.0
526,0.0,0.0,0.0,0.0,0.0,0.0,0.0,0.0,0.0,0.0,0.0,0.0,0.0,0.0,0.85,0.1,0.05
527,0.05,0.05,0.0,0.0,0.15,0.0,0.0,0.0,0.0,0.3,0.0,0.0,0.0,0.05,0.2,0.15,0.05
528,0.0,0.0,0.0,0.0,0.0,0.0,0.0,0.0,0.0,0.0,0.0,0.0,0.0,0.0,0.95,0.05,0.0
529,0.0,0.0,0.0,0.0,0.25,0.0,0.0,0.0,0.0,0.0,0.1,0.0,0.0,0.0,0.05,0.0,0.6
530,0.0,0.0,0.0,0.0,0.0,0.0,0.0,0.0,0.0,0.05,0.0,0.0,0.0,0.0,0.7,0.15,0.1
531,0.0,0.0,0.0,0.0,0.0,0.0,0.0,0.0,0.0,0.0,0.0,0.0,0.0,0.0,0.0,0.0,1.0
532,0.0,0.05,0.0,0.0,0.2,0.0,0.1,0.0,0.05,0.0,0.1,0.0,0.0,0.25,0.05,0.1,0.1
533,0.0,0.0,0.0,0.0,0.0,0.0,0.0,0.5,0.2,0.0,0.0,0.0,0.0,0.0,0.0,0.0,0.3
534,0.0,0.0,0.0,0.95,0.0,0.0,0.0,0.0,0.0,0.0,0.0,0.05,0.0,0.0,0.0,0.0,0.0
535,0.0,0.6,0.0,0.0,0.0,0.0,0.0,0.0,0.0,0.0,0.0,0.0,0.0,0.4,0.0,0.0,0.0
536,0.0,0.05,0.05,0.0,0.05,0.0,0.0,0.3,0.0,0.05,0.05,0.0,0.0,0.0,0.15,0.05,0.25
537,0.0,0.0,0.0,0.0,0.25,0.0,0.0,0.0,0.0,0.05,0.45,0.0,0.0,0.0,0.1,0.1,0.05
538,0.05,0.0,0.0,0.0,0.0,0.0,0.0,0.0,0.0,0.0,0.0,0.0,0.0,0.0,0.0,0.0,0.95
539,0.0,0.05,0.0,0.0,0.0,0.0,0.0,0.0,0.0,0.8,0.0,0.0,0.0,0.0,0.1,0.05,0.0
540,0.0,0.0,0.0,0.0,0.0,0.0,0.0,0.0,0.0,0.0,0.0,0.0,0.0,0.0,0.8,0.15,0.05
541,0.0,0.0,0.0,0.0,0.0,0.0,0.1,0.0,0.0,0.0,0.05,0.0,0.0,0.0,0.0,0.05,0.8
542,0.05,0.0,0.0,0.0,0.0,0.0,0.0,0.0,0.0,0.0,0.0,0.0,0.05,0.0,0.0,0.0,0.9
543,0.05,0.0,0.0,0.0,0.1,0.0,0.0,0.0,0.0,0.55,0.05,0.0,0.0,0.25,0.0,0.0,0.0
544,0.0,0.0,0.0,0.0,0.0,0.0,0.0,0.0,0.0,0.0,0.0,0.0,0.0,0.0,0.0,0.0,1.0
545,0.0,0.0,0.0,0.0,0.0,0.0,0.0,0.0,0.0,0.0,0.0,0.0,0.0,0.0,0.95,0.05,0.0
546,0.0,0.3,0.0,0.05,0.05,0.0,0.05,0.0,0.0,0.0,0.05,0.0,0.0,0.0,0.1,0.4,0.0
547,0.0,0.0,0.0,0.0,0.0,0.0,0.0,0.0,0.0,0.0,0.0,0.0,0.0,0.0,0.0,0.0,1.0
548,0.0,0.0,0.0,0.0,0.0,0.0,0.0,0.65,0.0,0.0,0.0,0.0,0.2,0.0,0.0,0.0,0.15
549,0.0,0.0,0.0,0.0,0.0,0.0,0.0,0.05,0.05,0.0,0.1,0.0,0.0,0.0,0.35,0.45,0.0
550,0.0,0.0,0.0,0.0,0.0,0.0,0.0,0.05,0.0,0.0,0.4,0.0,0.0,0.0,0.1,0.0,0.45
551,0.0,0.0,0.0,0.0,0.05,0.0,0.0,0.0,0.0,0.2,0.0,0.0,0.0,0.0,0.75,0.0,0.0
552,0.0,0.0,0.0,0.0,0.0,0.0,0.25,0.1,0.1,0.0,0.15,0.0,0.05,0.0,0.05,0.2,0.1
553,0.0,0.0,0.0,0.0,0.0,0.0,0.0,0.0,0.0,0.0,0.0,0.0,0.0,0.75,0.15,0.0,0.1
554,0.0,0.0,0.0,0.05,0.05,0.0,0.0,0.0,0.0,0.05,0.0,0.0,0.1,0.0,0.0,0.0,0.75
555,0.0,0.0,0.0,0.0,0.0,0.0,0.05,0.0,0.0,0.0,0.7,0.0,0.0,0.0,0.0,0.0,0.25
556,0.0,0.1,0.0,0.0,0.1,0.0,0.0,0.0,0.0,0.05,0.05,0.0,0.0,0.25,0.1,0.2,0.15
557,0.0,0.0,0.0,0.0,0.0,0.0,0.0,0.0,0.0,0.0,0.05,0.0,0.0,0.0,0.0,0.0,0.95
558,0.0,0.0,0.0,0.1,0.0,0.0,0.0,0.0,0.1,0.0,0.15,0.0,0.05,0.0,0.35,0.2,0.05
559,0.0,0.0,0.0,0.0,0.0,0.0,0.0,0.0,0.0,0.0,0.0,0.0,0.0,0.1,0.0,0.0,0.9
560,0.0,0.0,0.0,0.0,0.0,0.0,0.0,0.0,0.0,0.0,0.0,0.0,0.0,0.0,0.0,0.0,1.0
561,0.0,0.05,0.0,0.0,0.0,0.0,0.05,0.0,0.25,0.0,0.1,0.0,0.05,0.4,0.0,0.1,0.0
562,0.0,0.0,0.0,0.0,0.0,0.0,0.0,0.0,0.0,0.0,0.0,0.0,0.0,0.0,0.0,0.0,1.0
563,0.0,0.0,0.0,0.0,0.0,0.0,0.0,0.0,0.0,0.0,0.0,0.0,0.0,0.0,0.1,0.25,0.65
564,0.0,0.45,0.0,0.0,0.0,0.0,0.2,0.0,0.0,0.1,0.0,0.0,0.0,0.15,0.05,0.0,0.05
565,0.0,0.0,0.0,0.0,0.0,0.0,0.0,0.0,0.0,0.0,0.0,0.0,0.0,0.0,0.95,0.0,0.05
566,0.0,0.05,0.0,0.0,0.0,0.0,0.1,0.05,0.05,0.0,0.0,0.05,0.0,0.05,0.3,0.15,0.2
567,0.0,0.0,0.0,0.0,0.0,0.0,0.8,0.2,0.0,0.0,0.0,0.0,0.0,0.0,0.0,0.0,0.0
568,0.0,0.0,0.0,0.0,0.0,0.0,0.0,0.0,0.0,0.0,0.0,0.0,0.0,0.0,0.0,0.0,1.0
569,0.0,0.0,0.0,0.0,0.0,0.0,0.05,0.2,0.0,0.0,0.55,0.0,0.0,0.0,0.0,0.1,0.1
570,0.0,0.0,0.0,0.0,0.05,0.0,0.0,0.0,0.0,0.0,0.0,0.0,0.0,0.0,0.7,0.15,0.1
571,0.0,0.0,0.0,0.0,0.05,0.0,0.0,0.0,0.0,0.0,0.05,0.0,0.0,0.0,0.0,0.9,0.0
572,0.0,0.05,0.0,0.0,0.05,0.0,0.3,0.0,0.0,0.15,0.05,0.0,0.0,0.05,0.05,0.3,0.0
573,0.0,0.0,0.0,0.0,0.0,0.0,0.0,0.0,0.0,0.0,0.0,0.0,0.0,0.0,0.0,0.0,1.0
574,0.05,0.0,0.05,0.0,0.0,0.0,0.0,0.0,0.0,0.0,0.1,0.0,0.0,0.0,0.05,0.0,0.75
575,0.95,0.0,0.0,0.0,0.05,0.0,0.0,0.0,0.0,0.0,0.0,0.0,0.0,0.0,0.0,0.0,0.0
576,0.05,0.05,0.0,0.0,0.75,0.0,0.05,0.0,0.0,0.0,0.0,0.0,0.0,0.0,0.1,0.0,0.0
577,0.1,0.05,0.0,0.0,0.0,0.0,0.1,0.0,0.05,0.0,0.2,0.0,0.0,0.0,0.15,0.05,0.3
578,0.0,0.6,0.0,0.0,0.0,0.0,0.0,0.0,0.0,0.0,0.0,0.0,0.0,0.0,0.15,0.15,0.1
579,0.0,0.0,0.0,0.0,0.0,0.0,0.0,0.3,0.2,0.0,0.15,0.0,0.25,0.0,0.0,0.1,0.0
580,0.0,0.25,0.0,0.0,0.0,0.0,0.0,0.0,0.45,0.0,0.2,0.0,0.05,0.0,0.05,0.0,0.0
581,0.0,0.0,0.0,0.0,0.0,0.0,0.05,0.3,0.4,0.0,0.0,0.0,0.0,0.0,0.05,0.1,0.1
582,0.0,0.0,0.0,0.0,0.95,0.0,0.0,0.0,0.0,0.0,0.05,0.0,0.0,0.0,0.0,0.0,0.0
583,0.0,0.05,0.0,0.0,0.0,0.0,0.3,0.0,0.0,0.0,0.05,0.0,0.0,0.0,0.35,0.05,0.2
584,0.0,0.05,0.0,0.0,0.0,0.0,0.0,0.0,0.0,0.0,0.0,0.0,0.0,0.0,0.95,0.0,0.0
585,0.0,0.0,0.0,0.0,0.0,0.0,0.15,0.0,0.0,0.0,0.0,0.0,0.0,0.0,0.0,0.1,0.75
586,0.0,0.05,0.0,0.0,0.0,0.0,0.0,0.0,0.0,0.0,0.0,0.0,0.0,0.0,0.05,0.15,0.75
587,0.0,0.0,0.0,0.0,0.0,0.0,0.3,0.4,0.0,0.0,0.0,0.0,0.0,0.0,0.0,0.2,0.1
588,0.0,0.0,0.05,0.0,0.05,0.0,0.5,0.05,0.0,0.0,0.25,0.0,0.0,0.0,0.1,0.0,0.0
589,0.0,0.05,0.0,0.0,0.15,0.0,0.1,0.0,0.0,0.0,0.0,0.0,0.0,0.15,0.2,0.0,0.35
590,0.0,0.05,0.0,0.1,0.0,0.0,0.05,0.0,0.0,0.0,0.0,0.0,0.0,0.0,0.7,0.05,0.05
591,0.0,0.0,0.0,0.0,0.0,0.0,0.0,0.1,0.0,0.0,0.05,0.0,0.0,0.85,0.0,0.0,0.0
592,0.0,0.0,0.0,0.0,0.0,0.0,0.0,0.0,0.0,0.0,0.0,0.0,0.0,0.0,0.0,0.0,1.0
593,0.0,0.0,0.0,0.05,0.0,0.0,0.9,0.0,0.0,0.0,0.0,0.0,0.0,0.05,0.0,0.0,0.0
594,0.0,0.0,0.0,0.0,0.05,0.0,0.0,0.0,0.0,0.0,0.0,0.0,0.0,0.0,0.7,0.25,0.0
595,0.0,0.15,0.0,0.0,0.0,0.0,0.1,0.0,0.0,0.0,0.1,0.0,0.0,0.0,0.2,0.45,0.0
596,0.0,0.0,0.0,0.0,0.0,0.0,0.0,0.0,0.0,0.0,0.0,0.0,0.0,0.0,0.85,0.1,0.05
597,0.0,0.0,0.0,0.0,0.0,0.0,0.05,0.0,0.0,0.0,0.0,0.0,0.0,0.0,0.0,0.0,0.95
598,0.0,0.0,0.0,0.15,0.0,0.0,0.5,0.0,0.0,0.0,0.2,0.0,0.0,0.0,0.05,0.1,0.0
599,0.0,0.0,0.0,0.0,0.0,0.0,0.3,0.0,0.05,0.0,0.05,0.0,0.0,0.5,0.1,0.0,0.0
600,0.15,0.05,0.0,0.0,0.0,0.0,0.0,0.0,0.0,0.0,0.0,0.0,0.0,0.0,0.5,0.3,0.0
601,0.0,0.0,0.0,0.0,0.0,0.0,0.0,0.15,0.5,0.0,0.05,0.3,0.0,0.0,0.0,0.0,0.0
602,0.0,0.0,0.0,0.0,0.15,0.0,0.0,0.0,0.0,0.0,0.0,0.0,0.0,0.0,0.0,0.0,0.85
603,0.0,0.0,0.0,0.0,0.0,0.0,0.0,0.0,0.0,0.0,0.15,0.0,0.0,0.45,0.1,0.25,0.05
604,0.0,0.0,0.0,0.0,0.0,0.0,0.1,0.0,0.0,0.0,0.0,0.0,0.0,0.0,0.5,0.3,0.1
605,0.0,0.0,0.0,0.0,0.0,0.0,0.0,0.0,0.0,0.0,0.0,0.0,0.0,0.0,0.0,0.0,1.0
606,0.0,0.95,0.0,0.0,0.0,0.0,0.0,0.0,0.0,0.0,0.0,0.0,0.0,0.0,0.0,0.0,0.05
607,0.0,0.0,0.0,0.0,0.0,0.0,0.0,0.0,0.0,0.0,0.05,0.0,0.0,0.0,0.85,0.1,0.0
608,0.05,0.0,0.0,0.0,0.0,0.0,0.1,0.0,0.3,0.0,0.0,0.4,0.05,0.0,0.05,0.05,0.0
609,0.0,0.0,0.0,0.0,0.0,0.0,0.0,0.15,0.0,0.0,0.5,0.0,0.0,0.0,0.05,0.25,0.05
610,0.0,0.0,0.1,0.0,0.1,0.0,0.15,0.0,0.1,0.0,0.55,0.0,0.0,0.0,0.0,0.0,0.0
611,0.0,0.0,0.0,0.0,0.0,0.0,0.0,0.0,0.0,0.05,0.0,0.0,0.0,0.0,0.85,0.1,0.0
612,0.0,0.7,0.0,0.0,0.0,0.0,0.0,0.0,0.0,0.0,0.0,0.0,0.0,0.0,0.0,0.2,0.1
613,0.0,0.0,0.0,0.05,0.05,0.0,0.0,0.0,0.0,0.0,0.1,0.0,0.0,0.0,0.0,0.05,0.75
614,0.0,0.35,0.0,0.0,0.0,0.0,0.0,0.0,0.0,0.0,0.0,0.0,0.0,0.0,0.6,0.05,0.0
615,0.0,0.0,0.0,0.0,0.0,0.0,0.0,0.0,0.0,0.0,0.0,0.0,0.0,0.0,0.9,0.1,0.0
616,0.0,0.0,0.0,0.0,0.0,0.0,0.05,0.6,0.1,0.0,0.05,0.0,0.0,0.0,0.0,0.0,0.2
617,0.0,0.0,0.0,0.0,0.0,0.0,0.0,0.0,0.0,0.0,0.0,0.15,0.0,0.0,0.0,0.85,0.0
618,0.0,0.0,0.0,0.0,0.05,0.0,0.45,0.15,0.05,0.05,0.2,0.0,0.0,0.0,0.0,0.05,0.0
619,0.0,0.0,0.0,0.0,0.0,0.0,0.4,0.05,0.45,0.0,0.0,0.0,0.0,0.0,0.05,0.0,0.05
620,0.0,0.0,0.0,0.05,0.15,0.0,0.05,0.1,0.0,0.15,0.0,0.0,0.0,0.0,0.2,0.05,0.25
621,0.0,0.0,0.0,0.0,0.0,0.0,0.0,0.05,0.0,0.0,0.0,0.0,0.0,0.0,0.55,0.35,0.05
622,0.0,0.0,0.0,0.0,0.0,0.0,0.0,0.0,0.0,0.0,0.0,0.0,0.0,0.0,1.0,0.0,0.0
623,0.0,0.0,0.0,0.0,0.0,0.0,0.0,0.25,0.0,0.0,0.05,0.0,0.0,0.6,0.05,0.05,0.0
624,0.0,0.0,0.0,0.0,0.0,0.0,0.05,0.0,0.0,0.0,0.1,0.0,0.0,0.0,0.0,0.0,0.85
625,0.0,0.0,0.0,0.0,0.0,0.0,0.0,0.0,0.0,0.0,0.0,0.0,0.0,0.0,1.0,0.0,0.0
626,0.0,0.05,0.0,0.0,0.0,0.0,0.1,0.1,0.1,0.0,0.65,0.0,0.0,0.0,0.0,0.0,0.0
627,0.0,0.0,0.0,0.0,0.7,0.0,0.0,0.1,0.05,0.0,0.05,0.0,0.1,0.0,0.0,0.0,0.0
628,0.0,0.0,0.0,0.0,0.0,0.0,0.0,0.0,0.05,0.0,0.95,0.0,0.0,0.0,0.0,0.0,0.0
629,0.0,0.0,0.0,0.0,0.0,0.0,0.2,0.0,0.05,0.0,0.0,0.0,0.0,0.0,0.0,0.75,0.0
630,0.2,0.05,0.0,0.0,0.1,0.0,0.05,0.05,0.1,0.0,0.15,0.0,0.05,0.0,0.1,0.1,0.05
631,0.15,0.0,0.05,0.05,0.1,0.0,0.0,0.0,0.45,0.0,0.0,0.1,0.0,0.0,0.05,0.0,0.05
632,0.0,0.1,0.05,0.0,0.0,0.0,0.0,0.0,0.0,0.0,0.0,0.0,0.0,0.0,0.0,0.0,0.85
633,0.1,0.45,0.0,0.05,0.0,0.0,0.0,0.0,0.0,0.0,0.0,0.0,0.1,0.0,0.0,0.3,0.0
634,0.0,0.0,0.0,0.0,0.0,0.0,0.0,0.0,0.0,0.0,0.95,0.05,0.0,0.0,0.0,0.0,0.0
635,0.0,0.0,0.0,0.0,0.15,0.0,0.05,0.0,0.15,0.0,0.05,0.0,0.0,0.1,0.0,0.0,0.5
636,0.0,0.0,0.0,0.05,0.0,0.0,0.9,0.0,0.0,0.0,0.0,0.0,0.0,0.05,0.0,0.0,0.0
637,0.0,0.0,0.0,0.0,0.0,0.0,0.0,0.0,0.0,0.0,0.0,0.0,0.0,0.0,0.0,0.0,1.0
638,0.0,0.1,0.0,0.0,0.0,0.0,0.0,0.0,0.0,0.0,0.0,0.0,0.0,0.0,0.0,0.1,0.8
639,0.0,0.0,0.0,0.0,0.0,0.0,0.4,0.1,0.0,0.0,0.0,0.0,0.15,0.0,0.0,0.3,0.05
640,0.0,0.0,0.0,0.0,0.0,0.0,0.95,0.0,0.0,0.0,0.05,0.0,0.0,0.0,0.0,0.0,0.0
641,0.0,0.0,0.0,0.0,0.0,0.0,0.0,0.0,0.0,0.0,0.0,0.0,0.0,0.0,0.85,0.15,0.0
642,0.0,0.05,0.0,0.05,0.0,0.0,0.05,0.0,0.0,0.0,0.0,0.0,0.0,0.0,0.25,0.1,0.5
643,0.05,0.0,0.0,0.0,0.0,0.0,0.0,0.0,0.0,0.0,0.0,0.0,0.05,0.0,0.0,0.0,0.9
644,0.0,0.0,0.0,0.0,0.0,0.0,0.9,0.0,0.0,0.0,0.05,0.0,0.0,0.0,0.05,0.0,0.0
645,0.0,0.0,0.0,0.0,0.0,0.0,0.05,0.05,0.0,0.0,0.0,0.0,0.0,0.0,0.15,0.65,0.1
646,0.0,0.0,0.0,0.0,0.4,0.0,0.0,0.0,0.0,0.0,0.2,0.0,0.0,0.35,0.0,0.0,0.05
647,0.0,0.1,0.0,0.1,0.05,0.0,0.0,0.0,0.05,0.0,0.15,0.0,0.0,0.0,0.05,0.2,0.3
648,0.0,0.0,0.0,0.0,0.0,0.0,0.05,0.0,0.0,0.05,0.45,0.0,0.0,0.0,0.2,0.15,0.1
649,0.0,0.0,0.0,0.0,0.0,0.0,0.2,0.35,0.0,0.0,0.0,0.05,0.1,0.0,0.0,0.3,0.0
650,0.0,0.05,0.1,0.05,0.0,0.0,0.05,0.05,0.1,0.1,0.0,0.0,0.0,0.0,0.45,0.0,0.05
651,0.0,0.0,0.0,0.0,0.05,0.0,0.0,0.05,0.05,0.0,0.3,0.0,0.0,0.2,0.0,0.0,0.35
652,0.0,0.0,0.0,0.0,0.0,0.0,0.0,0.0,0.0,0.0,0.0,0.0,0.0,0.0,0.05,0.35,0.6
653,0.0,0.0,0.0,0.0,0.0,0.0,0.0,0.0,0.0,0.0,0.0,0.0,0.0,0.0,0.0,0.0,1.0
654,0.0,0.0,0.0,0.0,0.15,0.0,0.0,0.0,0.0,0.0,0.8,0.0,0.0,0.0,0.05,0.0,0.0
655,0.0,0.0,0.15,0.0,0.0,0.0,0.0,0.0,0.0,0.0,0.05,0.0,0.0,0.0,0.45,0.05,0.3
656,0.0,0.0,0.15,0.0,0.0,0.0,0.05,0.0,0.0,0.0,0.05,0.0,0.0,0.05,0.6,0.05,0.05
657,0.0,0.0,0.0,0.0,0.0,0.0,0.05,0.4,0.2,0.0,0.1,0.0,0.25,0.0,0.0,0.0,0.0
658,0.05,0.15,0.0,0.05,0.0,0.0,0.35,0.05,0.0,0.0,0.0,0.0,0.0,0.0,0.05,0.2,0.1
659,0.0,0.0,0.0,0.0,0.05,0.0,0.1,0.0,0.05,0.0,0.8,0.0,0.0,0.0,0.0,0.0,0.0
660,0.0,0.0,0.0,0.0,0.0,0.0,0.0,0.0,0.0,0.0,0.0,0.0,0.0,0.1,0.0,0.05,0.85
661,0.0,0.0,0.0,0.0,0.0,0.0,0.8,0.0,0.0,0.0,0.0,0.0,0.0,0.0,0.0,0.2,0.0
662,0.0,0.0,0.05,0.0,0.0,0.0,0.0,0.05,0.0,0.0,0.0,0.0,0.0,0.0,0.0,0.55,0.35
663,0.0,0.0,0.0,0.0,0.0,0.0,0.0,0.0,0.0,0.0,0.0,0.0,0.0,0.05,0.55,0.4,0.0
664,0.0,0.0,0.0,0.0,0.0,0.0,0.0,0.25,0.15,0.0,0.0,0.0,0.55,0.0,0.0,0.05,0.0
665,0.0,0.0,0.1,0.05,0.0,0.0,0.65,0.0,0.0,0.0,0.1,0.0,0.0,0.05,0.0,0.05,0.0
666,0.0,0.0,0.0,0.0,0.0,0.0,0.0,0.0,0.0,0.0,0.05,0.0,0.0,0.0,0.85,0.1,0.0
667,0.0,0.1,0.0,0.0,0.05,0.0,0.0,0.15,0.0,0.05,0.0,0.0,0.0,0.45,0.0,0.0,0.2
668,0.0,0.0,0.0,0.0,0.0,0.0,0.8,0.0,0.0,0.0,0.05,0.0,0.0,0.0,0.0,0.0,0.15
669,0.0,0.0,0.0,0.0,0.0,0.0,0.0,0.0,0.0,0.0,0.0,0.0,0.0,0.0,1.0,0.0,0.0
670,0.0,0.0,0.0,0.0,0.05,0.0,0.0,0.0,0.0,0.0,0.0,0.0,0.0,0.0,0.0,0.0,0.95
671,0.0,0.0,0.0,0.0,0.0,0.0,0.0,0.0,0.0,0.1,0.0,0.0,0.0,0.0,0.5,0.25,0.15
672,0.0,0.0,0.0,0.0,0.0,0.0,0.25,0.0,0.15,0.0,0.15,0.0,0.0,0.35,0.0,0.05,0.05
673,0.0,0.0,0.0,0.0,0.0,0.0,0.0,0.45,0.15,0.0,0.15,0.05,0.1,0.05,0.0,0.05,0.0
674,0.05,0.05,0.0,0.0,0.05,0.0,0.05,0.0,0.0,0.15,0.35,0.0,0.0,0.15,0.1,0.05,0.0
675,0.0,0.0,0.0,0.0,0.0,0.0,0.0,0.35,0.1,0.0,0.05,0.0,0.0,0.05,0.0,0.45,0.0
676,0.0,0.0,0.0,0.0,0.0,0.0,0.0,0.05,0.05,0.0,0.05,0.0,0.0,0.05,0.0,0.1,0.7
677,0.0,0.0,0.0,0.0,0.0,0.0,0.25,0.05,0.0,0.0,0.0,0.0,0.0,0.0,0.0,0.0,0.7
678,0.0,0.0,0.0,0.0,0.0,0.0,0.0,0.0,0.0,0.0,0.0,0.0,0.0,0.0,0.0,0.05,0.95
679,0.0,0.0,0.0,0.0,0.0,0.0,0.0,0.0,0.0,0.0,0.1,0.0,0.0,0.8,0.0,0.0,0.1
680,0.05,0.05,0.0,0.0,0.0,0.0,0.7,0.0,0.1,0.0,0.0,0.0,0.0,0.0,0.1,0.0,0.0
681,0.0,0.0,0.0,0.0,0.0,0.0,0.05,0.0,0.0,0.0,0.0,0.0,0.0,0.05,0.5,0.25,0.15
682,0.0,0.0,0.0,0.0,0.0,0.0,0.0,0.0,0.0,0.0,0.0,0.0,0.0,0.0,0.65,0.35,0.0
683,0.0,0.0,0.0,0.0,0.85,0.0,0.0,0.0,0.1,0.0,0.05,0.0,0.0,0.0,0.0,0.0,0.0
684,0.0,0.1,0.0,0.0,0.05,0.0,0.0,0.0,0.0,0.0,0.0,0.0,0.0,0.0,0.65,0.2,0.0
685,0.0,0.0,0.0,0.0,0.0,0.0,0.0,0.2,0.05,0.0,0.2,0.0,0.0,0.45,0.05,0.05,0.0
686,0.0,0.0,0.0,0.0,0.0,0.0,0.0,0.05,0.0,0.0,0.05,0.0,0.0,0.0,0.05,0.05,0.8
687,0.0,0.1,0.0,0.0,0.05,0.0,0.15,0.0,0.0,0.25,0.05,0.0,0.0,0.05,0.05,0.05,0.25
688,0.0,0.0,0.0,0.0,0.0,0.0,0.0,0.0,0.0,0.0,0.0,0.0,0.0,0.0,0.0,0.0,1.0
689,0.0,0.0,0.0,0.0,0.05,0.0,0.05,0.0,0.0,0.35,0.05,0.0,0.0,0.0,0.5,0.0,0.0
690,0.0,0.0,0.0,0.0,0.1,0.0,0.0,0.0,0.2,0.0,0.05,0.0,0.15,0.0,0.05,0.05,0.4
691,0.45,0.0,0.0,0.0,0.0,0.0,0.0,0.15,0.35,0.0,0.0,0.0,0.0,0.0,0.05,0.0,0.0
692,0.0,0.0,0.0,0.0,0.0,0.0,0.05,0.05,0.0,0.0,0.0,0.0,0.0,0.0,0.7,0.2,0.0
693,0.0,0.0,0.0,0.0,0.0,0.0,0.7,0.0,0.0,0.0,0.1,0.0,0.0,0.15,0.05,0.0,0.0
694,0.05,0.0,0.0,0.0,0.0,0.0,0.1,0.0,0.0,0.0,0.0,0.0,0.0,0.0,0.8,0.05,0.0
695,0.0,0.0,0.0,0.0,0.0,0.0,0.0,0.0,0.0,0.0,0.0,0.0,0.0,0.0,0.0,1.0,0.0
696,0.0,0.0,0.0,0.0,0.0,0.0,0.0,0.5,0.1,0.0,0.05,0.1,0.0,0.0,0.0,0.2,0.05
697,0.0,0.0,0.0,0.05,0.05,0.0,0.0,0.15,0.0,0.0,0.1,0.0,0.0,0.1,0.1,0.25,0.2
698,0.0,0.0,0.0,0.0,0.0,0.0,0.0,0.0,0.0,0.0,0.0,0.0,0.0,0.0,0.0,0.0,1.0
699,0.05,0.0,0.0,0.0,0.0,0.0,0.0,0.15,0.55,0.0,0.1,0.05,0.0,0.05,0.0,0.05,0.0
700,0.0,0.0,0.0,0.0,0.0,0.0,0.0,0.0,0.0,0.0,0.0,0.0,0.0,0.0,0.9,0.1,0.0
701,0.0,0.0,0.0,1.0,0.0,0.0,0.0,0.0,0.0,0.0,0.0,0.0,0.0,0.0,0.0,0.0,0.0
702,0.0,0.0,0.0,0.0,0.05,0.0,0.0,0.0,0.0,0.0,0.0,0.0,0.0,0.0,0.9,0.05,0.0
703,0.0,0.05,0.0,0.0,0.0,0.0,0.05,0.0,0.0,0.0,0.05,0.0,0.0,0.05,0.5,0.25,0.05
704,0.0,0.0,0.0,0.0,0.75,0.0,0.0,0.0,0.0,0.05,0.0,0.0,0.0,0.1,0.0,0.0,0.1
705,0.0,0.1,0.0,0.0,0.0,0.0,0.0,0.0,0.0,0.05,0.0,0.0,0.0,0.0,0.75,0.05,0.05
706,0.0,0.0,0.0,0.0,0.0,0.0,0.0,0.0,0.0,0.0,0.0,0.0,0.0,0.1,0.0,0.0,0.9
707,0.0,0.2,0.0,0.0,0.0,0.0,0.0,0.0,0.0,0.0,0.0,0.0,0.0,0.0,0.0,0.05,0.75
708,0.0,0.0,0.0,0.0,0.25,0.0,0.0,0.0,0.0,0.0,0.0,0.0,0.0,0.0,0.7,0.05,0.0
709,0.0,0.25,0.0,0.0,0.25,0.0,0.0,0.0,0.0,0.0,0.0,0.0,0.0,0.0,0.45,0.0,0.05
710,0.0,0.0,0.0,0.0,0.0,0.0,0.0,0.7,0.0,0.0,0.15,0.0,0.0,0.05,0.0,0.1,0.0
711,0.0,0.0,0.0,0.0,0.0,0.0,0.0,0.0,0.0,0.0,0.0,0.0,0.0,0.0,0.0,0.0,1.0
712,0.0,0.0,0.0,0.0,0.0,0.0,0.0,0.0,0.0,0.0,0.0,0.0,0.0,0.0,0.05,0.95,0.0
713,0.0,0.0,0.0,0.0,0.1,0.0,0.0,0.05,0.0,0.0,0.0,0.0,0.0,0.0,0.6,0.25,0.0
714,0.0,0.0,0.0,0.0,0.0,0.0,0.05,0.0,0.05,0.0,0.0,0.0,0.0,0.0,0.6,0.3,0.0
715,0.05,0.3,0.0,0.0,0.0,0.0,0.0,0.0,0.0,0.15,0.0,0.0,0.0,0.0,0.45,0.05,0.0
716,0.0,0.05,0.0,0.25,0.1,0.0,0.05,0.0,0.05,0.0,0.0,0.0,0.0,0.05,0.0,0.05,0.4
717,0.0,0.0,0.0,0.0,0.0,0.0,0.0,0.0,0.0,0.0,0.0,0.0,0.0,0.0,0.3,0.7,0.0
718,0.15,0.0,0.0,0.7,0.05,0.0,0.05,0.0,0.05,0.0,0.0,0.0,0.0,0.0,0.0,0.0,0.0
719,0.0,0.05,0.0,0.05,0.0,0.0,0.0,0.0,0.0,0.0,0.15,0.0,0.0,0.0,0.7,0.0,0.05
720,0.0,0.0,0.0,0.0,0.0,0.0,0.0,0.0,0.0,0.0,0.0,0.0,0.0,0.0,0.05,0.95,0.0
721,0.0,0.25,0.05,0.0,0.05,0.0,0.0,0.0,0.0,0.0,0.0,0.0,0.0,0.0,0.0,0.1,0.55
722,0.0,0.0,0.0,0.0,0.0,0.0,0.8,0.05,0.0,0.0,0.1,0.05,0.0,0.0,0.0,0.0,0.0
723,0.0,0.1,0.0,0.0,0.0,0.0,0.05,0.1,0.0,0.0,0.05,0.0,0.0,0.05,0.4,0.2,0.05
724,0.0,0.0,0.0,0.0,0.0,0.2,0.0,0.1,0.1,0.0,0.0,0.6,0.0,0.0,0.0,0.0,0.0
725,0.05,0.15,0.0,0.0,0.1,0.0,0.0,0.0,0.0,0.45,0.2,0.0,0.0,0.0,0.0,0.0,0.05
726,0.7,0.0,0.0,0.0,0.0,0.0,0.0,0.0,0.0,0.0,0.0,0.0,0.0,0.3,0.0,0.0,0.0
727,0.0,0.0,0.0,0.0,0.0,0.0,0.65,0.05,0.05,0.0,0.05,0.0,0.0,0.0,0.0,0.2,0.0
728,0.0,0.0,0.0,0.0,0.0,0.0,0.0,0.0,0.05,0.0,0.0,0.0,0.0,0.0,0.0,0.0,0.95
729,0.0,0.05,0.0,0.0,0.0,0.0,0.0,0.35,0.0,0.0,0.0,0.0,0.0,0.05,0.2,0.15,0.2
730,0.0,0.0,0.0,0.0,0.95,0.0,0.05,0.0,0.0,0.0,0.0,0.0,0.0,0.0,0.0,0.0,0.0
731,0.0,0.0,0.0,0.0,0.0,0.0,0.0,0.0,0.0,0.0,0.0,0.0,0.0,0.0,0.9,0.1,0.0
732,0.0,0.05,0.0,0.0,0.0,0.0,0.0,0.0,0.0,0.0,0.1,0.0,0.0,0.0,0.3,0.3,0.25
733,0.0,0.0,0.0,0.0,0.0,0.0,0.0,0.0,0.0,0.05,0.0,0.0,0.0,0.0,0.55,0.4,0.0
734,0.0,0.0,0.0,0.0,0.9,0.0,0.05,0.0,0.0,0.0,0.0,0.0,0.0,0.0,0.05,0.0,0.0
735,0.0,0.0,0.0,0.0,0.0,0.0,0.05,0.0,0.0,0.0,0.0,0.0,0.0,0.0,0.0,0.95,0.0
736,0.0,0.0,0.0,0.0,0.0,0.0,0.0,0.2,0.3,0.0,0.05,0.45,0.0,0.0,0.0,0.0,0.0
737,0.0,0.0,0.0,0.0,0.0,0.0,0.0,0.0,0.0,0.0,0.0,0.0,0.0,0.05,0.35,0.6,0.0
738,0.0,0.0,0.0,0.0,0.0,0.0,0.0,0.6,0.0,0.0,0.05,0.0,0.0,0.05,0.05,0.25,0.0
739,0.0,0.05,0.0,0.0,0.0,0.0,0.0,0.0,0.0,0.0,0.0,0.0,0.0,0.0,0.25,0.0,0.7
740,0.0,0.0,0.0,0.0,0.0,0.0,0.0,0.0,0.0,0.0,0.05,0.0,0.0,0.0,0.0,0.0,0.95
741,0.0,0.0,0.0,0.0,0.0,0.0,0.0,0.0,0.0,0.05,0.0,0.0,0.0,0.0,0.8,0.15,0.0
742,0.0,0.0,0.1,0.0,0.0,0.0,0.0,0.0,0.0,0.0,0.05,0.0,0.0,0.0,0.05,0.25,0.55
743,0.0,0.2,0.05,0.0,0.0,0.0,0.0,0.05,0.05,0.0,0.1,0.0,0.0,0.1,0.05,0.25,0.15
744,0.05,0.0,0.0,0.0,0.0,0.0,0.0,0.3,0.0,0.0,0.0,0.0,0.0,0.05,0.5,0.05,0.05
745,0.0,0.0,0.0,0.0,0.1,0.0,0.6,0.05,0.05,0.0,0.1,0.0,0.0,0.0,0.0,0.0,0.1
746,0.0,0.0,0.0,0.0,0.0,0.0,0.0,0.0,0.0,0.0,0.0,0.0,0.0,0.05,0.0,0.0,0.95
747,0.0,0.0,0.0,0.0,0.0,0.0,0.0,0.0,0.25,0.0,0.0,0.0,0.0,0.0,0.0,0.0,0.75
748,0.0,0.0,0.0,0.0,0.0,0.0,0.0,0.0,0.0,0.05,0.0,0.0,0.0,0.0,0.8,0.05,0.1
749,0.0,0.0,0.0,0.0,0.0,0.0,0.0,1.0,0.0,0.0,0.0,0.0,0.0,0.0,0.0,0.0,0.0
750,0.0,0.05,0.0,0.0,0.0,0.0,0.0,0.0,0.0,0.05,0.0,0.0,0.0,0.0,0.05,0.5,0.35
751,0.0,0.0,0.0,0.0,0.0,0.0,0.0,0.05,0.05,0.0,0.05,0.0,0.0,0.5,0.1,0.25,0.0
752,0.0,0.0,0.0,0.0,0.0,0.0,0.05,0.0,0.0,0.0,0.0,0.0,0.0,0.0,0.0,0.0,0.95
753,0.0,0.0,0.0,0.0,0.0,0.0,0.05,0.0,0.0,0.0,0.0,0.0,0.0,0.0,0.05,0.0,0.9
754,0.0,0.0,0.0,0.0,0.0,0.0,0.0,0.0,0.0,0.0,0.0,0.0,0.0,0.0,0.05,0.0,0.95
755,0.0,0.35,0.0,0.0,0.2,0.0,0.0,0.0,0.05,0.0,0.0,0.0,0.0,0.35,0.0,0.0,0.05
756,0.0,0.0,0.0,0.0,0.0,0.0,0.0,0.0,0.0,0.0,0.0,0.0,0.0,0.0,1.0,0.0,0.0
757,0.0,0.0,0.0,0.0,0.0,0.0,0.0,0.25,0.0,0.0,0.1,0.0,0.0,0.2,0.0,0.45,0.0
758,0.0,0.05,0.0,0.0,0.0,0.0,0.0,0.0,0.0,0.0,0.0,0.0,0.0,0.1,0.0,0.05,0.8
759,0.05,0.05,0.0,0.0,0.0,0.0,0.0,0.0,0.05,0.0,0.05,0.0,0.0,0.0,0.5,0.25,0.05
760,0.0,0.0,0.0,0.0,0.0,0.0,0.05,0.0,0.35,0.0,0.0,0.45,0.0,0.0,0.0,0.15,0.0
761,0.0,0.0,0.0,0.0,0.0,0.0,0.0,0.05,0.05,0.0,0.0,0.0,0.0,0.05,0.85,0.0,0.0
762,0.0,0.0,0.0,0.0,0.0,0.0,1.0,0.0,0.0,0.0,0.0,0.0,0.0,0.0,0.0,0.0,0.0
763,0.0,0.0,0.0,0.0,0.0,0.0,0.05,0.0,0.0,0.0,0.1,0.0,0.0,0.0,0.0,0.85,0.0
764,0.0,0.0,0.05,0.0,0.7,0.0,0.0,0.15,0.05,0.0,0.05,0.0,0.0,0.0,0.0,0.0,0.0
765,0.0,0.0,0.0,0.0,0.0,0.0,0.05,0.0,0.0,0.0,0.0,0.0,0.0,0.0,0.05,0.0,0.9
766,0.0,0.0,0.0,0.0,0.0,0.0,0.0,0.05,0.0,0.0,0.0,0.0,0.0,0.0,0.15,0.8,0.0
767,0.0,0.0,0.0,0.0,0.0,0.0,0.0,0.0,0.0,0.0,1.0,0.0,0.0,0.0,0.0,0.0,0.0
768,0.05,0.05,0.0,0.0,0.3,0.0,0.05,0.0,0.0,0.05,0.0,0.0,0.0,0.1,0.1,0.15,0.15
769,0.0,0.0,0.0,0.0,0.0,0.0,0.85,0.0,0.0,0.0,0.05,0.0,0.0,0.0,0.0,0.1,0.0
770,0.0,0.05,0.0,0.0,0.0,0.0,0.0,0.0,0.0,0.0,0.0,0.0,0.0,0.0,0.25,0.0,0.7
771,0.0,0.0,0.0,0.0,0.0,0.0,0.0,0.1,0.4,0.0,0.5,0.0,0.0,0.0,0.0,0.0,0.0
772,0.0,0.35,0.0,0.0,0.35,0.0,0.0,0.0,0.1,0.0,0.0,0.0,0.05,0.0,0.0,0.0,0.15
773,0.0,0.0,0.0,0.0,0.0,0.0,0.0,0.0,0.0,0.0,0.0,0.0,0.0,0.0,0.0,0.0,1.0
774,0.1,0.0,0.05,0.0,0.1,0.0,0.0,0.0,0.0,0.05,0.0,0.0,0.0,0.7,0.0,0.0,0.0
775,0.0,0.0,0.0,0.0,0.0,0.0,0.0,0.0,0.0,0.0,0.0,0.0,0.0,0.0,0.0,0.0,1.0
776,0.0,0.05,0.0,0.0,0.05,0.0,0.05,0.5,0.0,0.0,0.15,0.05,0.0,0.1,0.05,0.0,0.0
777,0.0,0.8,0.0,0.0,0.05,0.0,0.0,0.0,0.0,0.05,0.0,0.0,0.0,0.0,0.05,0.0,0.05
778,0.0,0.0,0.0,0.0,0.0,0.0,0.25,0.05,0.0,0.0,0.0,0.0,0.2,0.0,0.0,0.0,0.5
779,0.0,0.0,0.0,0.0,0.0,0.0,0.0,0.0,0.05,0.0,0.1,0.0,0.05,0.0,0.0,0.05,0.75
780,0.0,0.0,0.0,0.0,0.0,0.0,0.0,0.0,0.0,0.0,0.0,0.0,0.0,0.0,0.85,0.1,0.05
781,0.0,0.0,0.0,0.0,0.0,0.0,0.0,0.25,0.0,0.0,0.0,0.0,0.2,0.0,0.0,0.0,0.55
782,0.0,0.0,0.2,0.0,0.0,0.0,0.0,0.0,0.1,0.0,0.05,0.0,0.0,0.65,0.0,0.0,0.0
783,0.0,0.0,0.0,0.0,0.0,0.0,0.8,0.0,0.0,0.0,0.0,0.0,0.0,0.0,0.1,0.1,0.0
784,0.0,0.0,0.0,0.0,0.0,0.0,0.0,0.0,0.0,0.0,0.0,0.0,0.0,0.0,0.95,0.05,0.0
785,0.0,0.0,0.0,0.0,0.0,0.0,0.0,0.0,0.0,0.0,0.0,0.0,0.0,0.0,0.75,0.25,0.0
786,0.0,0.0,0.0,0.0,0.0,0.0,0.95,0.05,0.0,0.0,0.0,0.0,0.0,0.0,0.0,0.0,0.0
787,0.0,0.0,0.0,0.0,0.05,0.0,0.0,0.0,0.0,0.0,0.05,0.0,0.0,0.0,0.9,0.0,0.0
788,0.0,0.0,0.0,0.0,0.95,0.0,0.0,0.0,0.0,0.0,0.05,0.0,0.0,0.0,0.0,0.0,0.0
789,0.05,0.0,0.1,0.0,0.0,0.0,0.85,0.0,0.0,0.0,0.0,0.0,0.0,0.0,0.0,0.0,0.0
790,0.0,0.0,0.05,0.0,0.05,0.0,0.0,0.4,0.25,0.0,0.15,0.0,0.05,0.05,0.0,0.0,0.0
791,0.1,0.0,0.0,0.0,0.7,0.0,0.0,0.0,0.0,0.0,0.0,0.0,0.0,0.0,0.0,0.1,0.1
792,0.0,0.0,0.0,0.0,0.0,0.0,0.15,0.0,0.0,0.0,0.2,0.0,0.05,0.0,0.0,0.6,0.0
793,0.0,0.0,0.0,0.0,0.0,0.0,0.0,0.0,0.25,0.0,0.25,0.0,0.0,0.0,0.0,0.0,0.5
794,0.0,0.0,0.0,0.0,0.0,0.0,0.0,0.1,0.0,0.0,0.05,0.0,0.45,0.0,0.25,0.15,0.0
795,0.0,0.0,0.0,0.0,0.0,0.0,0.0,0.0,0.0,0.0,0.0,0.0,0.0,0.0,0.0,0.0,1.0
796,0.05,0.1,0.0,0.0,0.0,0.0,0.0,0.0,0.0,0.0,0.0,0.0,0.0,0.0,0.0,0.85,0.0
797,0.0,0.2,0.0,0.0,0.65,0.0,0.0,0.0,0.0,0.05,0.0,0.0,0.0,0.0,0.05,0.05,0.0
798,0.05,0.0,0.0,0.0,0.1,0.0,0.0,0.0,0.0,0.55,0.1,0.0,0.0,0.15,0.0,0.05,0.0
799,0.0,0.0,0.0,0.0,0.05,0.0,0.1,0.0,0.0,0.0,0.35,0.0,0.0,0.0,0.1,0.35,0.05
800,0.0,0.0,0.0,0.0,0.0,0.0,0.95,0.05,0.0,0.0,0.0,0.0,0.0,0.0,0.0,0.0,0.0
801,0.0,0.0,0.0,0.0,0.0,0.0,0.85,0.1,0.0,0.0,0.05,0.0,0.0,0.0,0.0,0.0,0.0
802,0.0,0.0,0.0,0.0,0.0,0.0,0.0,0.0,0.0,0.0,0.0,0.0,0.0,0.0,0.0,0.0,1.0
803,0.0,0.1,0.0,0.0,0.8,0.0,0.0,0.0,0.0,0.0,0.0,0.0,0.0,0.0,0.1,0.0,0.0
804,0.0,0.0,0.0,0.0,0.0,0.0,0.0,0.0,0.0,0.0,0.0,0.0,0.0,0.0,0.0,0.0,1.0
805,0.0,0.0,0.0,0.0,0.0,0.0,0.0,0.0,0.0,0.0,0.0,0.0,0.0,0.0,1.0,0.0,0.0
806,0.0,0.0,0.0,0.0,0.05,0.0,0.8,0.0,0.0,0.0,0.0,0.0,0.0,0.1,0.0,0.05,0.0
807,1.0,0.0,0.0,0.0,0.0,0.0,0.0,0.0,0.0,0.0,0.0,0.0,0.0,0.0,0.0,0.0,0.0
808,0.0,0.0,0.0,0.0,0.0,0.0,0.3,0.0,0.0,0.05,0.6,0.0,0.0,0.05,0.0,0.0,0.0
809,0.0,0.0,0.0,0.0,0.0,0.0,0.0,0.0,0.0,0.0,0.0,0.0,0.0,0.0,0.55,0.4,0.05
810,0.0,0.05,0.0,0.0,0.0,0.0,0.0,0.0,0.0,0.0,0.0,0.0,0.0,0.0,0.85,0.1,0.0
811,0.0,0.0,0.0,0.0,0.0,0.0,0.0,0.0,0.0,0.0,0.05,0.0,0.0,0.0,0.0,0.0,0.95
812,0.0,0.0,0.0,0.0,0.0,0.0,0.0,0.0,0.0,0.0,0.0,0.0,0.0,0.0,0.0,0.0,1.0
813,0.0,0.05,0.05,0.0,0.1,0.0,0.0,0.0,0.35,0.05,0.0,0.0,0.0,0.05,0.3,0.0,0.05
814,0.0,0.0,0.0,0.0,0.0,0.0,0.0,0.0,0.0,0.0,0.0,0.0,0.0,0.0,0.0,0.0,1.0
815,0.0,0.2,0.0,0.0,0.8,0.0,0.0,0.0,0.0,0.0,0.0,0.0,0.0,0.0,0.0,0.0,0.0
816,0.0,0.0,0.0,0.0,0.0,0.0,0.0,0.4,0.2,0.0,0.35,0.0,0.0,0.0,0.0,0.05,0.0
817,0.0,0.0,0.0,0.0,0.0,0.0,0.1,0.15,0.0,0.0,0.05,0.05,0.0,0.0,0.0,0.1,0.55
818,0.0,0.0,0.0,0.0,0.0,0.0,0.0,0.05,0.15,0.0,0.0,0.0,0.0,0.05,0.05,0.0,0.7
819,0.0,0.0,0.0,0.0,0.0,0.05,0.0,0.45,0.1,0.0,0.0,0.05,0.3,0.0,0.0,0.0,0.05
820,0.0,0.2,0.0,0.0,0.35,0.0,0.05,0.0,0.0,0.0,0.0,0.0,0.0,0.0,0.0,0.15,0.25
821,0.05,0.0,0.0,0.0,0.0,0.0,0.9,0.0,0.0,0.0,0.05,0.0,0.0,0.0,0.0,0.0,0.0
822,0.0,0.0,0.0,0.0,0.0,0.0,0.0,0.0,0.0,0.0,0.0,0.0,0.0,0.0,0.8,0.2,0.0
823,0.0,0.0,0.0,0.0,0.0,0.0,0.0,0.0,0.0,0.0,0.0,0.0,0.0,0.0,0.0,0.0,1.0
824,0.0,0.8,0.0,0.0,0.1,0.0,0.0,0.0,0.0,0.0,0.0,0.0,0.0,0.0,0.0,0.0,0.1
825,0.0,0.05,0.0,0.0,0.0,0.0,0.05,0.0,0.0,0.0,0.0,0.0,0.0,0.0,0.6,0.0,0.3
826,0.0,0.0,0.0,0.15,0.0,0.0,0.05,0.0,0.0,0.0,0.75,0.0,0.0,0.05,0.0,0.0,0.0
827,0.0,0.0,0.0,0.0,0.0,0.0,0.05,0.0,0.0,0.0,0.0,0.0,0.0,0.0,0.0,0.0,0.95
828,0.0,0.2,0.0,0.0,0.0,0.0,0.0,0.0,0.0,0.0,0.7,0.0,0.0,0.0,0.0,0.05,0.05
829,0.0,0.0,0.0,0.0,0.0,0.0,0.0,0.0,0.0,0.0,0.0,0.0,0.0,0.45,0.0,0.0,0.55
830,0.0,0.0,0.0,0.0,0.0,0.0,0.2,0.0,0.15,0.0,0.05,0.0,0.15,0.0,0.0,0.05,0.4
831,0.0,0.0,0.0,0.0,0.1,0.0,0.0,0.0,0.05,0.0,0.05,0.0,0.0,0.05,0.0,0.0,0.75
832,0.0,0.0,0.0,0.0,0.0,0.0,0.0,0.0,0.0,0.0,0.05,0.0,0.0,0.0,0.85,0.1,0.0
833,0.0,0.0,0.0,0.0,0.05,0.0,0.55,0.0,0.0,0.0,0.0,0.0,0.05,0.1,0.05,0.15,0.05
834,0.0,0.0,0.0,0.0,0.0,0.0,0.3,0.0,0.0,0.0,0.0,0.0,0.0,0.0,0.0,0.0,0.7
835,0.0,0.05,0.0,0.0,0.0,0.0,0.0,0.0,0.0,0.0,0.0,0.0,0.0,0.0,0.6,0.25,0.1
836,0.0,0.0,0.0,0.0,0.0,0.0,0.25,0.0,0.0,0.0,0.25,0.0,0.0,0.0,0.0,0.4,0.1
837,0.0,0.1,0.0,0.0,0.0,0.0,0.0,0.0,0.0,0.05,0.0,0.0,0.0,0.0,0.65,0.15,0.05
838,0.0,0.0,0.0,0.0,0.0,0.0,0.0,0.0,0.0,0.0,0.0,0.0,0.0,0.05,0.9,0.05,0.0
839,0.0,0.0,0.0,0.0,0.0,0.0,0.0,0.0,0.0,0.0,0.0,0.0,0.0,0.0,0.05,0.9,0.05
840,0.0,0.0,0.0,0.05,0.05,0.0,0.0,0.0,0.0,0.0,0.9,0.0,0.0,0.0,0.0,0.0,0.0
841,0.0,0.0,0.0,0.0,0.05,0.0,0.05,0.0,0.0,0.0,0.0,0.0,0.0,0.05,0.0,0.0,0.85
842,0.0,0.1,0.0,0.0,0.1,0.0,0.1,0.0,0.0,0.0,0.2,0.0,0.05,0.2,0.05,0.15,0.05
843,0.0,0.0,0.0,0.0,0.05,0.0,0.7,0.0,0.0,0.0,0.25,0.0,0.0,0.0,0.0,0.0,0.0
844,0.0,0.0,0.0,0.0,0.0,0.0,0.0,0.0,0.0,0.0,0.0,0.0,0.0,0.0,0.0,0.1,0.9
845,0.05,0.0,0.0,0.0,0.0,0.0,0.0,0.05,0.0,0.0,0.05,0.0,0.0,0.0,0.35,0.5,0.0
846,0.0,0.0,0.0,0.0,0.0,0.0,1.0,0.0,0.0,0.0,0.0,0.0,0.0,0.0,0.0,0.0,0.0
847,0.0,0.0,0.0,0.0,0.0,0.0,0.0,0.0,0.0,0.0,0.0,0.0,0.0,0.0,0.0,0.0,1.0
848,0.0,0.0,0.0,0.0,0.0,0.0,0.05,0.05,0.15,0.0,0.1,0.0,0.0,0.05,0.0,0.2,0.4
849,0.0,0.0,0.0,0.0,0.0,0.0,0.0,0.0,0.0,0.0,0.0,0.0,0.0,0.0,0.05,0.3,0.65
850,0.0,0.0,0.0,0.05,0.0,0.0,0.0,0.0,0.0,0.0,0.0,0.0,0.0,0.0,0.0,0.2,0.75
851,0.0,0.3,0.0,0.0,0.4,0.0,0.0,0.0,0.0,0.0,0.0,0.0,0.0,0.0,0.0,0.0,0.3
852,0.0,0.0,0.0,0.0,0.0,0.0,0.0,0.4,0.15,0.0,0.1,0.1,0.25,0.0,0.0,0.0,0.0
853,0.65,0.0,0.0,0.0,0.0,0.0,0.05,0.0,0.0,0.0,0.0,0.0,0.0,0.0,0.3,0.0,0.0
854,0.0,0.0,0.0,0.0,0.0,0.0,0.0,0.0,0.0,0.0,0.1,0.0,0.0,0.0,0.0,0.0,0.9
855,0.0,0.0,0.0,0.0,0.0,0.0,0.0,0.0,0.0,0.0,0.0,0.0,0.0,0.1,0.85,0.0,0.05
856,0.0,0.0,0.0,0.0,0.0,0.0,0.0,0.2,0.1,0.0,0.6,0.0,0.0,0.0,0.0,0.05,0.05
857,0.0,0.0,0.0,0.0,0.0,0.0,0.0,0.0,0.0,0.0,0.0,0.0,0.0,0.0,0.05,0.95,0.0
858,0.0,0.0,0.0,0.0,0.0,0.0,0.0,0.0,0.0,0.0,0.0,0.0,0.0,0.0,0.0,0.0,1.0
859,0.0,0.75,0.0,0.0,0.05,0.0,0.0,0.0,0.0,0.0,0.1,0.0,0.0,0.0,0.0,0.05,0.05
860,0.0,0.0,0.0,0.0,0.0,0.0,0.9,0.0,0.0,0.0,0.0,0.0,0.0,0.0,0.0,0.05,0.05
861,0.0,0.05,0.0,0.0,0.0,0.0,0.0,0.05,0.0,0.0,0.05,0.0,0.0,0.05,0.05,0.5,0.25
862,0.0,0.0,0.0,0.0,0.0,0.0,0.85,0.05,0.0,0.0,0.1,0.0,0.0,0.0,0.0,0.0,0.0
863,0.0,0.1,0.0,0.0,0.0,0.0,0.05,0.0,0.0,0.0,0.05,0.0,0.0,0.2,0.3,0.15,0.15
864,0.0,0.8,0.0,0.0,0.15,0.0,0.0,0.0,0.0,0.0,0.0,0.0,0.0,0.0,0.0,0.05,0.0
865,0.0,0.0,0.0,0.0,0.0,0.0,0.8,0.0,0.0,0.0,0.0,0.0,0.0,0.0,0.0,0.0,0.2
866,0.05,0.0,0.0,0.0,0.05,0.0,0.0,0.0,0.0,0.0,0.05,0.0,0.0,0.0,0.85,0.0,0.0
867,0.0,0.0,0.0,0.0,0.0,0.0,0.7,0.0,0.05,0.0,0.25,0.0,0.0,0.0,0.0,0.0,0.0
868,0.15,0.0,0.15,0.0,0.0,0.0,0.2,0.0,0.2,0.0,0.05,0.0,0.0,0.1,0.0,0.1,0.05
869,0.0,0.0,0.0,0.0,0.0,0.0,0.0,0.0,0.1,0.0,0.0,0.55,0.0,0.0,0.0,0.0,0.35
870,0.0,0.0,0.0,0.0,0.0,0.0,0.0,0.0,0.0,0.0,0.0,0.0,0.0,0.0,0.0,0.05,0.95
871,0.0,0.0,0.0,0.0,0.0,0.0,0.0,0.0,0.0,0.0,0.0,0.0,0.0,0.0,0.0,0.0,1.0
872,0.0,0.0,0.0,0.0,0.0,0.0,0.0,0.0,0.0,0.0,0.0,0.0,0.0,0.0,0.05,0.95,0.0
873,0.0,0.0,0.0,0.0,0.0,0.0,0.0,0.0,0.0,0.0,0.1,0.0,0.0,0.0,0.0,0.0,0.9
874,0.0,0.0,0.0,0.0,0.0,0.0,0.0,0.0,0.0,0.05,0.0,0.0,0.0,0.05,0.5,0.35,0.05
875,0.0,0.0,0.0,0.0,0.0,0.0,0.0,0.0,0.0,0.0,0.0,0.0,0.0,0.0,0.0,1.0,0.0
876,0.0,0.0,0.0,0.0,0.8,0.0,0.0,0.0,0.0,0.05,0.0,0.0,0.0,0.1,0.0,0.0,0.05
877,0.0,0.0,0.0,0.0,0.0,0.0,0.0,0.0,0.0,0.0,0.0,0.0,0.0,0.0,0.0,0.0,1.0
878,0.0,0.6,0.05,0.0,0.05,0.0,0.0,0.0,0.0,0.0,0.0,0.0,0.0,0.0,0.1,0.05,0.15
879,0.0,0.0,0.0,0.0,0.0,0.0,0.0,0.15,0.0,0.0,0.25,0.0,0.6,0.0,0.0,0.0,0.0
880,0.0,0.0,0.0,0.0,0.0,0.0,0.0,0.0,0.0,0.0,0.0,0.0,0.0,0.0,1.0,0.0,0.0
881,0.0,0.15,0.0,0.0,0.6,0.0,0.0,0.0,0.0,0.0,0.05,0.0,0.0,0.0,0.0,0.0,0.2
882,0.0,0.0,0.0,0.1,0.05,0.0,0.0,0.0,0.0,0.0,0.8,0.0,0.0,0.0,0.0,0.05,0.0
883,0.0,0.0,0.0,0.0,0.0,0.0,0.25,0.0,0.05,0.0,0.1,0.0,0.0,0.0,0.4,0.1,0.1
884,0.0,0.0,0.0,0.0,0.0,0.0,0.0,0.0,0.0,0.0,0.0,0.0,0.0,0.25,0.0,0.0,0.75
885,0.0,0.0,0.0,0.0,0.0,0.0,0.0,0.0,1.0,0.0,0.0,0.0,0.0,0.0,0.0,0.0,0.0
886,0.0,0.05,0.0,0.0,0.0,0.0,0.0,0.0,0.05,0.0,0.0,0.0,0.0,0.0,0.0,0.0,0.9
887,0.0,0.0,0.0,0.05,0.0,0.0,0.3,0.0,0.0,0.0,0.35,0.0,0.0,0.0,0.0,0.05,0.25
888,0.0,0.0,0.0,0.0,0.0,0.0,0.0,0.0,0.05,0.0,0.0,0.1,0.05,0.0,0.05,0.3,0.45
889,0.0,0.0,0.0,0.0,0.0,0.0,0.0,0.0,0.0,0.0,1.0,0.0,0.0,0.0,0.0,0.0,0.0
890,0.05,0.2,0.0,0.0,0.0,0.0,0.05,0.0,0.05,0.0,0.05,0.0,0.0,0.05,0.1,0.3,0.15
891,0.0,0.15,0.0,0.0,0.0,0.0,0.0,0.0,0.0,0.0,0.0,0.0,0.0,0.0,0.0,0.7,0.15
892,0.0,0.0,0.0,0.0,0.05,0.0,0.0,0.05,0.0,0.0,0.1,0.0,0.0,0.05,0.0,0.0,0.75
893,0.0,0.0,0.0,0.0,0.0,0.0,0.0,0.0,0.0,0.0,0.0,0.0,0.0,0.0,0.85,0.1,0.05
894,0.0,0.0,0.0,0.05,0.0,0.0,0.0,0.0,0.0,0.0,0.1,0.0,0.0,0.0,0.0,0.0,0.85
895,0.0,0.0,0.0,0.0,0.0,0.0,0.1,0.0,0.0,0.25,0.0,0.0,0.0,0.0,0.65,0.0,0.0
896,0.0,0.55,0.0,0.0,0.05,0.0,0.0,0.05,0.0,0.0,0.0,0.0,0.0,0.0,0.05,0.3,0.0
897,0.0,0.0,0.0,0.0,0.0,0.0,0.9,0.0,0.0,0.0,0.1,0.0,0.0,0.0,0.0,0.0,0.0
898,0.0,0.0,0.0,0.05,0.0,0.0,0.0,0.0,0.0,0.0,0.0,0.0,0.0,0.0,0.75,0.2,0.0
899,0.0,0.0,0.0,0.0,0.0,0.0,0.45,0.0,0.0,0.0,0.0,0.0,0.0,0.0,0.1,0.45,0.0
900,0.0,0.2,0.05,0.0,0.1,0.0,0.15,0.0,0.0,0.0,0.0,0.0,0.0,0.0,0.45,0.05,0.0
901,0.4,0.15,0.0,0.0,0.15,0.0,0.05,0.0,0.15,0.0,0.0,0.0,0.0,0.0,0.05,0.0,0.05
902,0.1,0.0,0.0,0.0,0.0,0.0,0.05,0.25,0.3,0.0,0.1,0.0,0.15,0.05,0.0,0.0,0.0
903,0.0,0.0,0.0,0.0,0.0,0.0,0.0,0.05,0.0,0.0,0.05,0.0,0.0,0.0,0.0,0.9,0.0
904,0.0,0.05,0.0,0.0,0.0,0.0,0.0,0.0,0.0,0.5,0.0,0.0,0.0,0.0,0.25,0.2,0.0
905,0.0,0.0,0.0,0.0,0.0,0.0,0.0,0.0,0.0,0.0,0.0,0.0,0.0,0.0,0.0,0.0,1.0
906,0.0,0.0,0.0,0.0,0.0,0.0,0.05,0.1,0.0,0.0,0.05,0.0,0.0,0.0,0.15,0.5,0.15
907,0.0,0.0,0.0,0.0,0.0,0.0,0.0,0.0,0.0,0.0,0.0,0.0,0.0,0.0,0.9,0.1,0.0
908,0.0,0.0,0.0,0.0,0.0,0.0,0.0,0.0,0.0,0.0,0.0,0.0,0.0,0.0,0.0,0.0,1.0
909,0.0,0.4,0.0,0.0,0.35,0.0,0.0,0.0,0.0,0.0,0.0,0.0,0.0,0.0,0.15,0.05,0.05
910,0.0,0.0,0.0,0.0,0.0,0.0,0.55,0.0,0.0,0.0,0.0,0.0,0.0,0.05,0.0,0.0,0.4
911,0.0,0.2,0.0,0.0,0.2,0.0,0.0,0.05,0.0,0.05,0.05,0.0,0.0,0.05,0.2,0.15,0.05
912,0.0,0.05,0.0,0.0,0.0,0.0,0.05,0.05,0.0,0.0,0.05,0.0,0.0,0.05,0.2,0.4,0.15
913,0.0,0.05,0.0,0.0,0.0,0.0,0.0,0.0,0.0,0.0,0.0,0.0,0.0,0.0,0.0,0.05,0.9
914,0.0,0.0,0.0,0.0,0.0,0.0,0.0,0.0,0.0,0.0,0.1,0.0,0.0,0.0,0.0,0.0,0.9
915,0.0,0.0,0.0,0.0,0.0,0.0,0.0,0.05,0.0,0.0,0.1,0.35,0.25,0.05,0.0,0.2,0.0
916,0.0,0.0,0.0,0.0,0.0,0.0,0.0,0.0,0.0,0.0,0.0,0.0,0.0,0.0,0.9,0.0,0.1
917,0.0,0.0,0.0,0.0,0.05,0.0,0.0,0.0,0.0,0.0,0.0,0.0,0.0,0.8,0.0,0.0,0.15
918,0.0,0.0,0.0,0.0,0.05,0.0,0.0,0.0,0.85,0.0,0.0,0.05,0.05,0.0,0.0,0.0,0.0
919,0.0,0.0,0.0,0.0,0.0,0.0,0.0,0.0,0.0,0.0,0.0,0.0,0.0,0.0,1.0,0.0,0.0
920,0.0,0.0,0.0,0.0,0.0,0.0,0.1,0.0,0.0,0.0,0.1,0.0,0.0,0.0,0.0,0.8,0.0
921,0.0,0.0,0.0,0.0,0.0,0.0,0.0,0.15,0.0,0.0,0.0,0.0,0.0,0.0,0.15,0.7,0.0
